lon,lat,course,timestamp,speed,seg_id,timestamp_destination,lon_destination,lat_destination
72.0651833333,71.28145,150.0,2017-01-01 03:20:13+00:00,0.0,273133200-2016-11-12T21:54:03.000000Z-1,2018-05-15 11:44:03+00:00,3.1027,52.2954666667
72.0652166667,71.28145,35.9000015259,2017-01-02 03:41:13+00:00,0.0,273133200-2016-11-12T21:54:03.000000Z-1,2018-05-15 11:44:03+00:00,3.1027,52.2954666667
72.0892333333,71.2762833333,351.700012207,2017-01-05 09:26:55+00:00,0.0,273133200-2017-01-05T09:26:55.000000Z-1,2018-05-15 11:44:03+00:00,3.1027,52.2954666667
72.23145,71.3282166667,40.5,2017-01-06 00:06:17+00:00,0.0,273133200-2017-01-05T09:26:55.000000Z-1,2018-05-15 11:44:03+00:00,3.1027,52.2954666667
72.2314666667,71.3281166667,13.3000001907,2017-01-07 00:25:39+00:00,0.0,273133200-2017-01-05T09:26:55.000000Z-1,2018-05-15 11:44:03+00:00,3.1027,52.2954666667
72.2315666667,71.3282,66.5,2017-01-08 00:45:32+00:00,0.0,273133200-2017-01-05T09:26:55.000000Z-1,2018-05-15 11:44:03+00:00,3.1027,52.2954666667
72.2315666667,71.3282333333,356.6000061035,2017-01-09 00:10:42+00:00,0.0,273133200-2017-01-05T09:26:55.000000Z-1,2018-05-15 11:44:03+00:00,3.1027,52.2954666667
72.23145,71.3281166667,322.6000061035,2017-01-10 00:12:03+00:00,0.0,273133200-2017-01-05T09:26:55.000000Z-1,2018-05-15 11:44:03+00:00,3.1027,52.2954666667
72.2315666667,71.3282333333,3.9000000954,2017-01-11 00:32:22+00:00,0.0,273133200-2017-01-05T09:26:55.000000Z-1,2018-05-15 11:44:03+00:00,3.1027,52.2954666667
72.2315333333,71.3282166667,1.6000000238,2017-01-12 01:51:01+00:00,0.0,273133200-2017-01-05T09:26:55.000000Z-1,2018-05-15 11:44:03+00:00,3.1027,52.2954666667
72.2315833333,71.3282333333,353.799987793,2017-01-13 02:23:54+00:00,0.0,273133200-2017-01-05T09:26:55.000000Z-1,2018-05-15 11:44:03+00:00,3.1027,52.2954666667
72.23155,71.3282,9.1000003815,2017-01-14 01:08:45+00:00,0.0,273133200-2017-01-05T09:26:55.000000Z-1,2018-05-15 11:44:03+00:00,3.1027,52.2954666667
72.23155,71.3282333333,350.1000061035,2017-01-15 00:13:25+00:00,0.0,273133200-2017-01-05T09:26:55.000000Z-1,2018-05-15 11:44:03+00:00,3.1027,52.2954666667
72.23155,71.3282166667,34.2999992371,2017-01-16 00:47:04+00:00,0.0,273133200-2017-01-05T09:26:55.000000Z-1,2018-05-15 11:44:03+00:00,3.1027,52.2954666667
72.2315166667,71.3282333333,348.1000061035,2017-01-17 01:19:56+00:00,0.0,273133200-2017-01-05T09:26:55.000000Z-1,2018-05-15 11:44:03+00:00,3.1027,52.2954666667
72.23155,71.3282166667,17.2999992371,2017-01-18 00:14:05+00:00,0.0,273133200-2017-01-05T09:26:55.000000Z-1,2018-05-15 11:44:03+00:00,3.1027,52.2954666667
72.2315833333,71.3282,195.1999969482,2017-01-19 00:48:46+00:00,0.0,273133200-2017-01-05T09:26:55.000000Z-1,2018-05-15 11:44:03+00:00,3.1027,52.2954666667
72.2316,71.3282,95.8000030518,2017-01-20 01:23:28+00:00,0.0,273133200-2017-01-05T09:26:55.000000Z-1,2018-05-15 11:44:03+00:00,3.1027,52.2954666667
72.2315666667,71.3282333333,15.1999998093,2017-01-21 00:06:07+00:00,0.0,273133200-2017-01-05T09:26:55.000000Z-1,2018-05-15 11:44:03+00:00,3.1027,52.2954666667
72.2405833333,71.37395,25.7000007629,2017-01-22 00:25:19+00:00,0.0,273133200-2017-01-05T09:26:55.000000Z-1,2018-05-15 11:44:03+00:00,3.1027,52.2954666667
73.0587833333,72.096,21.1000003815,2017-01-23 00:48:11+00:00,10.1000003815,273133200-2017-01-05T09:26:55.000000Z-1,2018-05-15 11:44:03+00:00,3.1027,52.2954666667
70.6406166667,74.6181,7.0999999046,2017-01-24 00:18:46+00:00,0.0,273133200-2017-01-05T09:26:55.000000Z-1,2018-05-15 11:44:03+00:00,3.1027,52.2954666667
70.8210666667,74.5891,85.1999969482,2017-01-25 02:31:13+00:00,0.6000000238,273133200-2017-01-05T09:26:55.000000Z-1,2018-05-15 11:44:03+00:00,3.1027,52.2954666667
72.1273283333,74.6475866667,91.9000015259,2017-01-26 03:18:58+00:00,0.8999999762,273133200-2017-01-05T09:26:55.000000Z-1,2018-05-15 11:44:03+00:00,3.1027,52.2954666667
72.5249183333,74.5928816667,239.0,2017-01-27 00:20:03+00:00,0.400000006,273133200-2017-01-05T09:26:55.000000Z-1,2018-05-15 11:44:03+00:00,3.1027,52.2954666667
72.1372166667,74.9072833333,58.2999992371,2017-01-28 00:56:29+00:00,0.400000006,273133200-2017-01-05T09:26:55.000000Z-1,2018-05-15 11:44:03+00:00,3.1027,52.2954666667
72.31293,74.7810766667,334.8999938965,2017-01-29 01:08:39+00:00,0.0,273133200-2017-01-05T09:26:55.000000Z-1,2018-05-15 11:44:03+00:00,3.1027,52.2954666667
71.57905,75.5553533333,354.5,2017-01-30 01:28:33+00:00,11.6000003815,273133200-2017-01-05T09:26:55.000000Z-1,2018-05-15 11:44:03+00:00,3.1027,52.2954666667
60.9640166667,76.7090666667,247.6999969482,2017-01-31 00:03:08+00:00,10.1000003815,273133200-2017-01-05T09:26:55.000000Z-1,2018-05-15 11:44:03+00:00,3.1027,52.2954666667
51.1225166667,73.4408833333,210.6999969482,2017-02-01 02:03:28+00:00,9.5,273133200-2017-01-05T09:26:55.000000Z-1,2018-05-15 11:44:03+00:00,3.1027,52.2954666667
45.2391,70.2916333333,209.0,2017-02-02 00:27:10+00:00,9.3000001907,273133200-2017-01-05T09:26:55.000000Z-1,2018-05-15 11:44:03+00:00,3.1027,52.2954666667
44.3508833333,69.71095,67.0,2017-02-03 02:42:23+00:00,1.2000000477,273133200-2017-01-05T09:26:55.000000Z-1,2018-05-15 11:44:03+00:00,3.1027,52.2954666667
42.2851666667,68.5768166667,234.3000030518,2017-02-04 01:36:38+00:00,13.0,273133200-2017-01-05T09:26:55.000000Z-1,2018-05-15 11:44:03+00:00,3.1027,52.2954666667
37.49835,66.0605833333,284.6000061035,2017-02-05 00:29:29+00:00,10.6999998093,273133200-2017-01-05T09:26:55.000000Z-1,2018-05-15 11:44:03+00:00,3.1027,52.2954666667
32.4070166667,67.1363,76.0999984741,2017-02-08 00:32:02+00:00,0.0,273133200-2017-02-08T00:32:02.000000Z-1,2018-05-15 11:44:03+00:00,3.1027,52.2954666667
35.5844,66.2565333333,115.5,2017-02-09 07:53:00+00:00,9.6000003815,273133200-2017-02-08T00:32:02.000000Z-1,2018-05-15 11:44:03+00:00,3.1027,52.2954666667
40.9142833333,66.4720666667,30.3999996185,2017-02-10 00:00:43+00:00,6.8000001907,273133200-2017-02-08T00:32:02.000000Z-1,2018-05-15 11:44:03+00:00,3.1027,52.2954666667
36.7013533333,69.2060833333,312.700012207,2017-02-11 03:39:48+00:00,7.1999998093,273133200-2017-02-08T00:32:02.000000Z-1,2018-05-15 11:44:03+00:00,3.1027,52.2954666667
33.03658333333333,69.01395,288.9,2017-02-12 01:10:17+00:00,0.0,273133200-2017-02-08T00:32:02.000000Z-1,2018-05-15 11:44:03+00:00,3.1027,52.2954666667
33.041246666666666,69.01263,158.4,2017-02-13 01:05:17+00:00,0.0,273133200-2017-02-08T00:32:02.000000Z-1,2018-05-15 11:44:03+00:00,3.1027,52.2954666667
33.0380666667,69.01305,143.3999938965,2017-02-14 00:46:39+00:00,0.1000000015,273133200-2017-02-08T00:32:02.000000Z-1,2018-05-15 11:44:03+00:00,3.1027,52.2954666667
33.0336666667,69.0130166667,92.5,2017-02-15 01:04:40+00:00,0.0,273133200-2017-02-08T00:32:02.000000Z-1,2018-05-15 11:44:03+00:00,3.1027,52.2954666667
33.0367,69.01395,349.8999938965,2017-02-16 00:10:45+00:00,0.0,273133200-2017-02-08T00:32:02.000000Z-1,2018-05-15 11:44:03+00:00,3.1027,52.2954666667
32.1057666667,70.6898833333,326.0,2017-02-17 00:38:11+00:00,8.6000003815,273133200-2017-02-08T00:32:02.000000Z-1,2018-05-15 11:44:03+00:00,3.1027,52.2954666667
20.2773,71.2500166667,246.0,2017-02-18 04:31:42+00:00,8.0,273133200-2017-02-08T00:32:02.000000Z-1,2018-05-15 11:44:03+00:00,3.1027,52.2954666667
14.01935,69.54675,219.3999938965,2017-02-19 00:06:30+00:00,8.8999996185,273133200-2017-02-08T00:32:02.000000Z-1,2018-05-15 11:44:03+00:00,3.1027,52.2954666667
7.8495833333,66.6188333333,213.8000030518,2017-02-20 02:26:57+00:00,9.0,273133200-2017-02-08T00:32:02.000000Z-1,2018-05-15 11:44:03+00:00,3.1027,52.2954666667
3.9996166667,62.6736,183.6000061035,2017-02-21 11:02:34+00:00,7.8000001907,273133200-2017-02-08T00:32:02.000000Z-1,2018-05-15 11:44:03+00:00,3.1027,52.2954666667
4.0187166667,61.4352166667,182.0,2017-02-22 00:05:16+00:00,5.5999999046,273133200-2017-02-08T00:32:02.000000Z-1,2018-05-15 11:44:03+00:00,3.1027,52.2954666667
3.99555,59.1201833333,186.3999938965,2017-02-23 02:27:24+00:00,7.4000000954,273133200-2017-02-08T00:32:02.000000Z-1,2018-05-15 11:44:03+00:00,3.1027,52.2954666667
4.12785,55.8637333333,174.6999969482,2017-02-24 00:29:04+00:00,8.8999996185,273133200-2017-02-08T00:32:02.000000Z-1,2018-05-15 11:44:03+00:00,3.1027,52.2954666667
3.3427866667,52.615075,162.3999938965,2017-02-25 00:13:44+00:00,7.8000001907,273133200-2017-02-08T00:32:02.000000Z-1,2018-05-15 11:44:03+00:00,3.1027,52.2954666667
4.2729333333,51.8884,347.8999938965,2017-02-26 00:53:18+00:00,0.0,273133200-2017-02-08T00:32:02.000000Z-1,2018-05-15 11:44:03+00:00,3.1027,52.2954666667
4.272966666666667,51.8884,325.7,2017-02-27 00:00:15+00:00,0.2,273133200-2017-02-08T00:32:02.000000Z-1,2018-05-15 11:44:03+00:00,3.1027,52.2954666667
3.524083333333333,52.16171666666666,343.8,2017-02-28 00:02:09+00:00,9.1,273133200-2017-02-08T00:32:02.000000Z-1,2018-05-15 11:44:03+00:00,3.1027,52.2954666667
5.9996,55.6470833333,332.1000061035,2017-03-01 00:13:32+00:00,7.0,273133200-2017-02-08T00:32:02.000000Z-1,2018-05-15 11:44:03+00:00,3.1027,52.2954666667
4.1977333333,59.3136816667,0.6999999881,2017-03-02 07:22:18+00:00,9.6999998093,273133200-2017-03-02T07:22:18.000000Z-1,2018-05-15 11:44:03+00:00,3.1027,52.2954666667
4.1966833333,62.1131333333,1.2000000477,2017-03-03 00:53:51+00:00,8.8999996185,273133200-2017-03-02T07:22:18.000000Z-1,2018-05-15 11:44:03+00:00,3.1027,52.2954666667
6.8602333333,65.6850666667,20.3999996185,2017-03-04 05:47:36+00:00,8.1000003815,273133200-2017-03-02T07:22:18.000000Z-1,2018-05-15 11:44:03+00:00,3.1027,52.2954666667
10.0441,68.0662333333,26.6000003815,2017-03-05 00:00:11+00:00,9.1000003815,273133200-2017-03-02T07:22:18.000000Z-1,2018-05-15 11:44:03+00:00,3.1027,52.2954666667
18.2485166667,70.7411333333,45.5999984741,2017-03-06 00:17:13+00:00,8.3999996185,273133200-2017-03-02T07:22:18.000000Z-1,2018-05-15 11:44:03+00:00,3.1027,52.2954666667
29.7744666667,71.1985333333,124.8000030518,2017-03-07 00:10:50+00:00,10.6999998093,273133200-2017-03-02T07:22:18.000000Z-1,2018-05-15 11:44:03+00:00,3.1027,52.2954666667
40.2579166667,68.2262333333,134.0,2017-03-08 03:41:36+00:00,10.8999996185,273133200-2017-03-02T07:22:18.000000Z-1,2018-05-15 11:44:03+00:00,3.1027,52.2954666667
39.9426,64.9722833333,86.1999969482,2017-03-09 11:16:52+00:00,1.2999999523,273133200-2017-03-09T11:16:52.000000Z-1,2018-05-15 11:44:03+00:00,3.1027,52.2954666667
40.0187166667,64.9223833333,63.9000015259,2017-03-10 00:02:52+00:00,0.8999999762,273133200-2017-03-09T11:16:52.000000Z-1,2018-05-15 11:44:03+00:00,3.1027,52.2954666667
40.03385,64.9856166667,270.8999938965,2017-03-11 00:03:02+00:00,0.0,273133200-2017-03-09T11:16:52.000000Z-1,2018-05-15 11:44:03+00:00,3.1027,52.2954666667
40.0011166667,64.90165,269.200012207,2017-03-12 00:29:16+00:00,3.4000000954,273133200-2017-03-09T11:16:52.000000Z-1,2018-05-15 11:44:03+00:00,3.1027,52.2954666667
40.5089,64.7306833333,162.5,2017-03-13 00:44:54+00:00,7.3000001907,273133200-2017-03-09T11:16:52.000000Z-1,2018-05-15 11:44:03+00:00,3.1027,52.2954666667
40.5277666667,64.70325,335.299987793,2017-03-14 00:32:56+00:00,0.0,273133200-2017-03-09T11:16:52.000000Z-1,2018-05-15 11:44:03+00:00,3.1027,52.2954666667
40.5277166667,64.7032666667,42.7999992371,2017-03-15 01:00:38+00:00,0.0,273133200-2017-03-09T11:16:52.000000Z-1,2018-05-15 11:44:03+00:00,3.1027,52.2954666667
40.52775,64.70325,6.3000001907,2017-03-16 00:07:17+00:00,0.0,273133200-2017-03-09T11:16:52.000000Z-1,2018-05-15 11:44:03+00:00,3.1027,52.2954666667
40.5277,64.7032333333,309.6000061035,2017-03-17 00:28:10+00:00,0.1000000015,273133200-2017-03-09T11:16:52.000000Z-1,2018-05-15 11:44:03+00:00,3.1027,52.2954666667
40.5277,64.7032666667,356.200012207,2017-03-18 00:43:00+00:00,0.0,273133200-2017-03-09T11:16:52.000000Z-1,2018-05-15 11:44:03+00:00,3.1027,52.2954666667
40.5277333333,64.7032666667,332.799987793,2017-03-19 01:00:11+00:00,0.0,273133200-2017-03-09T11:16:52.000000Z-1,2018-05-15 11:44:03+00:00,3.1027,52.2954666667
40.5277666667,64.7032666667,353.299987793,2017-03-20 01:12:13+00:00,0.0,273133200-2017-03-09T11:16:52.000000Z-1,2018-05-15 11:44:03+00:00,3.1027,52.2954666667
40.52775,64.7032666667,356.5,2017-03-21 01:09:13+00:00,0.0,273133200-2017-03-09T11:16:52.000000Z-1,2018-05-15 11:44:03+00:00,3.1027,52.2954666667
40.5276833333,64.70325,346.5,2017-03-22 00:15:14+00:00,0.0,273133200-2017-03-09T11:16:52.000000Z-1,2018-05-15 11:44:03+00:00,3.1027,52.2954666667
40.5277166667,64.70325,339.799987793,2017-03-23 00:01:51+00:00,0.0,273133200-2017-03-09T11:16:52.000000Z-1,2018-05-15 11:44:03+00:00,3.1027,52.2954666667
40.2842166667,66.0529166667,53.7999992371,2017-03-24 00:29:30+00:00,1.3999999762,273133200-2017-03-09T11:16:52.000000Z-1,2018-05-15 11:44:03+00:00,3.1027,52.2954666667
43.3340666667,69.5022333333,41.5999984741,2017-03-25 04:18:42+00:00,8.8999996185,273133200-2017-03-09T11:16:52.000000Z-1,2018-05-15 11:44:03+00:00,3.1027,52.2954666667
49.566325,72.6649933333,26.7000007629,2017-03-26 04:37:16+00:00,10.3000001907,273133200-2017-03-09T11:16:52.000000Z-1,2018-05-15 11:44:03+00:00,3.1027,52.2954666667
55.6989166667,75.5575666667,31.0,2017-03-27 00:03:54+00:00,9.8000001907,273133200-2017-03-09T11:16:52.000000Z-1,2018-05-15 11:44:03+00:00,3.1027,52.2954666667
71.8214,76.5089666667,176.3999938965,2017-03-28 00:22:59+00:00,7.6999998093,273133200-2017-03-09T11:16:52.000000Z-1,2018-05-15 11:44:03+00:00,3.1027,52.2954666667
72.6727,72.9774166667,14.0,2017-03-29 02:22:32+00:00,0.8999999762,273133200-2017-03-09T11:16:52.000000Z-1,2018-05-15 11:44:03+00:00,3.1027,52.2954666667
72.2303,71.32695,203.1999969482,2017-03-30 00:31:34+00:00,9.1999998093,273133200-2017-03-09T11:16:52.000000Z-1,2018-05-15 11:44:03+00:00,3.1027,52.2954666667
72.0706333333,71.2802166667,1.0,2017-03-31 06:14:26+00:00,0.0,273133200-2017-03-09T11:16:52.000000Z-1,2018-05-15 11:44:03+00:00,3.1027,52.2954666667
72.0707016667,71.2802716667,222.1999969482,2017-04-01 11:33:46+00:00,0.0,273133200-2017-03-09T11:16:52.000000Z-1,2018-05-15 11:44:03+00:00,3.1027,52.2954666667
72.0706866667,71.2802916667,315.0,2017-04-02 00:25:38+00:00,0.0,273133200-2017-03-09T11:16:52.000000Z-1,2018-05-15 11:44:03+00:00,3.1027,52.2954666667
72.0705833333,71.2802166667,9.0,2017-04-03 02:25:39+00:00,0.0,273133200-2017-03-09T11:16:52.000000Z-1,2018-05-15 11:44:03+00:00,3.1027,52.2954666667
72.0707166667,71.2802166667,354.1000061035,2017-04-04 04:22:40+00:00,0.0,273133200-2017-03-09T11:16:52.000000Z-1,2018-05-15 11:44:03+00:00,3.1027,52.2954666667
72.07065,71.2802166667,11.3999996185,2017-04-05 03:58:39+00:00,0.0,273133200-2017-03-09T11:16:52.000000Z-1,2018-05-15 11:44:03+00:00,3.1027,52.2954666667
73.7689566667,72.7172283333,313.1000061035,2017-04-06 09:25:51+00:00,0.400000006,273133200-2017-03-09T11:16:52.000000Z-1,2018-05-15 11:44:03+00:00,3.1027,52.2954666667
73.7135833333,72.6993983333,164.0,2017-04-07 03:41:54+00:00,0.200000003,273133200-2017-03-09T11:16:52.000000Z-1,2018-05-15 11:44:03+00:00,3.1027,52.2954666667
73.00515,73.3497833333,158.8000030518,2017-04-08 00:38:28+00:00,0.0,273133200-2017-03-09T11:16:52.000000Z-1,2018-05-15 11:44:03+00:00,3.1027,52.2954666667
70.292615,76.1236516667,14.1999998093,2017-04-09 01:07:59+00:00,10.6000003815,273133200-2017-03-09T11:16:52.000000Z-1,2018-05-15 11:44:03+00:00,3.1027,52.2954666667
57.1759333333,76.2913833333,259.799987793,2017-04-10 01:27:20+00:00,10.6000003815,273133200-2017-03-09T11:16:52.000000Z-1,2018-05-15 11:44:03+00:00,3.1027,52.2954666667
47.1662333333,73.9354333333,224.5,2017-04-11 00:40:12+00:00,9.3999996185,273133200-2017-03-09T11:16:52.000000Z-1,2018-05-15 11:44:03+00:00,3.1027,52.2954666667
39.8199333333,70.87415,232.3000030518,2017-04-12 02:05:13+00:00,9.6999998093,273133200-2017-03-09T11:16:52.000000Z-1,2018-05-15 11:44:03+00:00,3.1027,52.2954666667
33.05965,68.9846,333.9,2017-04-13 00:06:03+00:00,0.0,273133200-2017-03-09T11:16:52.000000Z-1,2018-05-15 11:44:03+00:00,3.1027,52.2954666667
33.0596333333,68.9845333333,10.8000001907,2017-04-14 00:55:48+00:00,0.0,273133200-2017-03-09T11:16:52.000000Z-1,2018-05-15 11:44:03+00:00,3.1027,52.2954666667
33.05968333333333,68.98455,24.4,2017-04-15 01:10:16+00:00,0.0,273133200-2017-03-09T11:16:52.000000Z-1,2018-05-15 11:44:03+00:00,3.1027,52.2954666667
33.0596666667,68.9845333333,24.1000003815,2017-04-16 00:45:18+00:00,0.0,273133200-2017-03-09T11:16:52.000000Z-1,2018-05-15 11:44:03+00:00,3.1027,52.2954666667
36.8597,70.4421516667,43.0999984741,2017-04-17 02:05:24+00:00,7.4000000954,273133200-2017-03-09T11:16:52.000000Z-1,2018-05-15 11:44:03+00:00,3.1027,52.2954666667
44.0247333333,72.7321166667,44.0999984741,2017-04-18 01:16:36+00:00,9.0,273133200-2017-03-09T11:16:52.000000Z-1,2018-05-15 11:44:03+00:00,3.1027,52.2954666667
52.8285333333,75.1885333333,45.4000015259,2017-04-19 00:14:51+00:00,9.0,273133200-2017-03-09T11:16:52.000000Z-1,2018-05-15 11:44:03+00:00,3.1027,52.2954666667
67.3011833333,77.2856333333,65.5,2017-04-20 03:02:26+00:00,9.1000003815,273133200-2017-03-09T11:16:52.000000Z-1,2018-05-15 11:44:03+00:00,3.1027,52.2954666667
68.7552666667,77.3049,229.1000061035,2017-04-22 00:14:45+00:00,0.400000006,273133200-2017-04-22T00:14:45.000000Z-1,2018-05-15 11:44:03+00:00,3.1027,52.2954666667
68.5634,77.30265,276.299987793,2017-04-23 00:48:35+00:00,0.5,273133200-2017-04-22T00:14:45.000000Z-1,2018-05-15 11:44:03+00:00,3.1027,52.2954666667
68.6555,77.2689333333,178.5,2017-04-24 01:08:16+00:00,0.3000000119,273133200-2017-04-22T00:14:45.000000Z-1,2018-05-15 11:44:03+00:00,3.1027,52.2954666667
68.8642833333,77.2524333333,250.1999969482,2017-04-25 00:17:05+00:00,0.1000000015,273133200-2017-04-22T00:14:45.000000Z-1,2018-05-15 11:44:03+00:00,3.1027,52.2954666667
68.9653,77.3284166667,291.700012207,2017-04-26 00:10:47+00:00,0.1000000015,273133200-2017-04-22T00:14:45.000000Z-1,2018-05-15 11:44:03+00:00,3.1027,52.2954666667
69.1491166667,77.19105,134.1999969482,2017-04-27 06:24:17+00:00,0.3000000119,273133200-2017-04-27T06:24:17.000000Z-1,2018-05-15 11:44:03+00:00,3.1027,52.2954666667
69.3810833333,77.3108333333,238.3000030518,2017-04-28 02:23:49+00:00,0.1000000015,273133200-2017-04-27T06:24:17.000000Z-1,2018-05-15 11:44:03+00:00,3.1027,52.2954666667
69.32563333333333,77.2626,187.8,2017-04-29 00:07:40+00:00,0.4,273133200-2017-04-27T06:24:17.000000Z-1,2018-05-15 11:44:03+00:00,3.1027,52.2954666667
69.0510333333,77.3544,314.5,2017-04-30 01:26:30+00:00,0.6000000238,273133200-2017-04-27T06:24:17.000000Z-1,2018-05-15 11:44:03+00:00,3.1027,52.2954666667
68.5872333333,77.2502666667,205.8999938965,2017-05-01 00:22:00+00:00,0.6000000238,273133200-2017-04-27T06:24:17.000000Z-1,2018-05-15 11:44:03+00:00,3.1027,52.2954666667
68.2532833333,77.3404166667,49.2000007629,2017-05-02 02:04:50+00:00,0.1000000015,273133200-2017-04-27T06:24:17.000000Z-1,2018-05-15 11:44:03+00:00,3.1027,52.2954666667
68.61585,77.3654666667,40.0,2017-05-03 01:26:20+00:00,0.3000000119,273133200-2017-04-27T06:24:17.000000Z-1,2018-05-15 11:44:03+00:00,3.1027,52.2954666667
68.89385,77.4804,313.5,2017-05-04 02:42:18+00:00,0.200000003,273133200-2017-04-27T06:24:17.000000Z-1,2018-05-15 11:44:03+00:00,3.1027,52.2954666667
68.7273666667,77.6742,324.5,2017-05-05 00:56:36+00:00,0.5,273133200-2017-04-27T06:24:17.000000Z-1,2018-05-15 11:44:03+00:00,3.1027,52.2954666667
69.01536666666667,77.32178333333333,276.7,2017-05-06 01:00:33+00:00,0.9,273133200-2017-04-27T06:24:17.000000Z-1,2018-05-15 11:44:03+00:00,3.1027,52.2954666667
67.5415666667,77.2890666667,253.1999969482,2017-05-07 00:25:57+00:00,0.8000000119,273133200-2017-04-27T06:24:17.000000Z-1,2018-05-15 11:44:03+00:00,3.1027,52.2954666667
69.3583,77.33125,238.5,2017-05-08 00:47:39+00:00,0.6000000238,273133200-2017-04-27T06:24:17.000000Z-1,2018-05-15 11:44:03+00:00,3.1027,52.2954666667
68.7872166667,77.36085,267.8999938965,2017-05-09 01:07:34+00:00,0.3000000119,273133200-2017-04-27T06:24:17.000000Z-1,2018-05-15 11:44:03+00:00,3.1027,52.2954666667
70.9693333333,76.2929,21.3999996185,2017-05-10 00:27:47+00:00,0.200000003,273133200-2017-04-27T06:24:17.000000Z-1,2018-05-15 11:44:03+00:00,3.1027,52.2954666667
72.67878,75.0795616667,149.6000061035,2017-05-11 00:58:51+00:00,10.1000003815,273133200-2017-04-27T06:24:17.000000Z-1,2018-05-15 11:44:03+00:00,3.1027,52.2954666667
73.3944133333,72.23895,203.1000061035,2017-05-12 01:31:32+00:00,0.6000000238,273133200-2017-04-27T06:24:17.000000Z-1,2018-05-15 11:44:03+00:00,3.1027,52.2954666667
72.07042666666666,71.28024,18.7,2017-05-13 01:49:16+00:00,0.0,273133200-2017-04-27T06:24:17.000000Z-1,2018-05-15 11:44:03+00:00,3.1027,52.2954666667
72.07037333333334,71.28024,328.5,2017-05-14 01:31:26+00:00,0.0,273133200-2017-04-27T06:24:17.000000Z-1,2018-05-15 11:44:03+00:00,3.1027,52.2954666667
72.0704,71.2802666667,36.5999984741,2017-05-15 01:27:00+00:00,0.0,273133200-2017-04-27T06:24:17.000000Z-1,2018-05-15 11:44:03+00:00,3.1027,52.2954666667
72.1194266667,71.33802,350.799987793,2017-05-16 00:33:19+00:00,0.0,273133200-2017-04-27T06:24:17.000000Z-1,2018-05-15 11:44:03+00:00,3.1027,52.2954666667
72.11944,71.33802666666666,76.2,2017-05-17 02:06:25+00:00,0.0,273133200-2017-04-27T06:24:17.000000Z-1,2018-05-15 11:44:03+00:00,3.1027,52.2954666667
72.9822,72.02875,14.3999996185,2017-05-18 00:48:50+00:00,13.1999998093,273133200-2017-04-27T06:24:17.000000Z-1,2018-05-15 11:44:03+00:00,3.1027,52.2954666667
72.5200033333,74.7735566667,257.799987793,2017-05-19 01:06:43+00:00,0.1000000015,273133200-2017-04-27T06:24:17.000000Z-1,2018-05-15 11:44:03+00:00,3.1027,52.2954666667
67.13984,77.26509333333334,257.0,2017-05-20 01:00:03+00:00,9.5,273133200-2017-04-27T06:24:17.000000Z-1,2018-05-15 11:44:03+00:00,3.1027,52.2954666667
51.90458666666667,75.54042666666666,220.9,2017-05-21 00:39:31+00:00,10.7,273133200-2017-04-27T06:24:17.000000Z-1,2018-05-15 11:44:03+00:00,3.1027,52.2954666667
42.162,72.3458,218.8000030518,2017-05-22 00:36:07+00:00,10.0,273133200-2017-04-27T06:24:17.000000Z-1,2018-05-15 11:44:03+00:00,3.1027,52.2954666667
34.1362666667,69.5357333333,246.0,2017-05-23 01:06:51+00:00,4.9000000954,273133200-2017-04-27T06:24:17.000000Z-1,2018-05-15 11:44:03+00:00,3.1027,52.2954666667
33.2167866667,69.0758383333,274.6000061035,2017-05-24 01:06:28+00:00,0.0,273133200-2017-04-27T06:24:17.000000Z-1,2018-05-15 11:44:03+00:00,3.1027,52.2954666667
33.2145283333,69.0772983333,274.6000061035,2017-05-25 00:15:28+00:00,0.0,273133200-2017-04-27T06:24:17.000000Z-1,2018-05-15 11:44:03+00:00,3.1027,52.2954666667
33.2098483333,69.07497,274.6000061035,2017-05-26 00:33:28+00:00,0.0,273133200-2017-04-27T06:24:17.000000Z-1,2018-05-15 11:44:03+00:00,3.1027,52.2954666667
33.2125933333,69.0745616667,228.1999969482,2017-05-27 00:12:12+00:00,0.0,273133200-2017-04-27T06:24:17.000000Z-1,2018-05-15 11:44:03+00:00,3.1027,52.2954666667
33.2157083333,69.0756316667,228.1999969482,2017-05-28 01:04:16+00:00,0.0,273133200-2017-04-27T06:24:17.000000Z-1,2018-05-15 11:44:03+00:00,3.1027,52.2954666667
33.21555,69.0756833333,58.2999992371,2017-05-29 00:04:12+00:00,0.5,273133200-2017-04-27T06:24:17.000000Z-1,2018-05-15 11:44:03+00:00,3.1027,52.2954666667
33.2088366667,69.07611,0.3000000119,2017-05-31 05:10:57+00:00,0.0,273133200-2017-05-31T05:10:57.000000Z-1,2018-05-15 11:44:03+00:00,3.1027,52.2954666667
33.2078233333,69.0750416667,344.799987793,2017-06-01 01:18:55+00:00,0.0,273133200-2017-05-31T05:10:57.000000Z-1,2018-05-15 11:44:03+00:00,3.1027,52.2954666667
33.2096866667,69.074435,344.799987793,2017-06-02 00:09:54+00:00,0.0,273133200-2017-05-31T05:10:57.000000Z-1,2018-05-15 11:44:03+00:00,3.1027,52.2954666667
33.0541333333,68.9813833333,40.0,2017-06-03 00:28:21+00:00,0.0,273133200-2017-05-31T05:10:57.000000Z-1,2018-05-15 11:44:03+00:00,3.1027,52.2954666667
32.7982,70.3357166667,329.799987793,2017-06-04 01:16:26+00:00,8.0,273133200-2017-05-31T05:10:57.000000Z-1,2018-05-15 11:44:03+00:00,3.1027,52.2954666667
21.9807,71.4936333333,245.3000030518,2017-06-05 01:41:38+00:00,10.6999998093,273133200-2017-05-31T05:10:57.000000Z-1,2018-05-15 11:44:03+00:00,3.1027,52.2954666667
12.2765166667,68.9929,226.1000061035,2017-06-06 02:32:51+00:00,10.0,273133200-2017-05-31T05:10:57.000000Z-1,2018-05-15 11:44:03+00:00,3.1027,52.2954666667
7.1264333333,66.09195,205.1999969482,2017-06-07 01:24:26+00:00,10.3000001907,273133200-2017-05-31T05:10:57.000000Z-1,2018-05-15 11:44:03+00:00,3.1027,52.2954666667
4.0062666667,62.1494166667,182.5,2017-06-08 03:16:08+00:00,9.1999998093,273133200-2017-05-31T05:10:57.000000Z-1,2018-05-15 11:44:03+00:00,3.1027,52.2954666667
4.474483333333334,58.747416666666666,135.5,2017-06-09 02:53:25+00:00,8.4,273133200-2017-05-31T05:10:57.000000Z-1,2018-05-15 11:44:03+00:00,3.1027,52.2954666667
10.384433333333334,57.79085,86.6,2017-06-10 00:10:03+00:00,11.2,273133200-2017-05-31T05:10:57.000000Z-1,2018-05-15 11:44:03+00:00,3.1027,52.2954666667
12.662666666666668,55.497733333333336,200.8,2017-06-11 00:10:01+00:00,9.6,273133200-2017-05-31T05:10:57.000000Z-1,2018-05-15 11:44:03+00:00,3.1027,52.2954666667
19.4643333333,57.2571666667,31.2999992371,2017-06-12 03:04:25+00:00,10.3999996185,273133200-2017-05-31T05:10:57.000000Z-1,2018-05-15 11:44:03+00:00,3.1027,52.2954666667
24.2789833333,59.71185,75.6999969482,2017-06-13 00:09:22+00:00,9.8999996185,273133200-2017-05-31T05:10:57.000000Z-1,2018-05-15 11:44:03+00:00,3.1027,52.2954666667
29.3671666667,60.0089833333,93.3000030518,2017-06-14 00:13:29+00:00,0.0,273133200-2017-05-31T05:10:57.000000Z-1,2018-05-15 11:44:03+00:00,3.1027,52.2954666667
29.4361183333,60.0279433333,274.1000061035,2017-10-07 00:20:49+00:00,8.1999998093,273133200-2017-08-02T14:05:21.000000Z-1,2018-05-15 11:44:03+00:00,3.1027,52.2954666667
24.5465166667,59.7063666667,274.8999938965,2017-10-08 00:04:27+00:00,8.1000003815,273133200-2017-08-02T14:05:21.000000Z-1,2018-05-15 11:44:03+00:00,3.1027,52.2954666667
19.7542333333,57.5469833333,214.8999938965,2017-10-09 00:51:35+00:00,9.3999996185,273133200-2017-08-02T14:05:21.000000Z-1,2018-05-15 11:44:03+00:00,3.1027,52.2954666667
15.20615,54.9148166667,213.2,2017-10-10 00:50:22+00:00,9.4,273133200-2017-08-02T14:05:21.000000Z-1,2018-05-15 11:44:03+00:00,3.1027,52.2954666667
16.00205,55.5117,35.5,2017-10-14 02:21:15+00:00,10.6000003815,273133200-2017-08-02T14:05:21.000000Z-1,2018-05-15 11:44:03+00:00,3.1027,52.2954666667
21.0528166667,58.5034166667,31.2999992371,2017-10-15 03:28:43+00:00,9.0,273133200-2017-08-02T14:05:21.000000Z-1,2018-05-15 11:44:03+00:00,3.1027,52.2954666667
26.6932983333,59.9839166667,94.1,2017-10-16 00:00:03+00:00,10.2,273133200-2017-08-02T14:05:21.000000Z-1,2018-05-15 11:44:03+00:00,3.1027,52.2954666667
29.0811833333,60.0353166667,273.2,2017-10-19 00:45:26+00:00,8.9,273133200-2017-08-02T14:05:21.000000Z-1,2018-05-15 11:44:03+00:00,3.1027,52.2954666667
22.2606733333,59.4076233333,219.1000061035,2017-10-20 00:35:49+00:00,9.3000001907,273133200-2017-08-02T14:05:21.000000Z-1,2018-05-15 11:44:03+00:00,3.1027,52.2954666667
17.0069,56.2613833333,232.8,2017-10-21 04:38:07+00:00,9.4,273133200-2017-08-02T14:05:21.000000Z-1,2018-05-15 11:44:03+00:00,3.1027,52.2954666667
15.0621666667,54.6068333333,65.2,2017-10-27 00:19:42+00:00,10.0,273133200-2017-08-02T14:05:21.000000Z-1,2018-05-15 11:44:03+00:00,3.1027,52.2954666667
20.9180666667,55.7326,98.1,2017-10-28 00:20:22+00:00,6.9,273133200-2017-08-02T14:05:21.000000Z-1,2018-05-15 11:44:03+00:00,3.1027,52.2954666667
16.4891316667,55.0048,247.0,2017-11-02 16:41:40+00:00,7.6,273133200-2017-08-02T14:05:21.000000Z-1,2018-05-15 11:44:03+00:00,3.1027,52.2954666667
14.4859833333,54.4800166667,246.0,2017-11-03 01:39:26+00:00,8.1000003815,273133200-2017-08-02T14:05:21.000000Z-1,2018-05-15 11:44:03+00:00,3.1027,52.2954666667
19.92735,55.6814333333,81.5,2017-11-10 10:05:59+00:00,10.1999998093,273133200-2017-08-02T14:05:21.000000Z-1,2018-05-15 11:44:03+00:00,3.1027,52.2954666667
20.0276833333,55.5931,79.4000015259,2017-11-12 03:51:57+00:00,9.8999996185,273133200-2017-08-02T14:05:21.000000Z-1,2018-05-15 11:44:03+00:00,3.1027,52.2954666667
15.4203166667,54.726765,246.7,2017-11-22 09:48:14+00:00,8.3,273133200-2017-08-02T14:05:21.000000Z-1,2018-05-15 11:44:03+00:00,3.1027,52.2954666667
12.5974666667,56.0896316667,315.299987793,2017-11-30 00:09:32+00:00,12.3999996185,273133200-2017-08-02T14:05:21.000000Z-1,2018-05-15 11:44:03+00:00,3.1027,52.2954666667
10.2634333333,57.7919,268.700012207,2017-12-01 00:02:14+00:00,13.0,273133200-2017-08-02T14:05:21.000000Z-1,2018-05-15 11:44:03+00:00,3.1027,52.2954666667
4.2012,60.5309316667,0.1,2017-12-02 00:40:50+00:00,12.6,273133200-2017-08-02T14:05:21.000000Z-1,2018-05-15 11:44:03+00:00,3.1027,52.2954666667
4.9246333333,65.2902166667,2.7000000477,2017-12-03 02:50:31+00:00,9.3000001907,273133200-2017-08-02T14:05:21.000000Z-1,2018-05-15 11:44:03+00:00,3.1027,52.2954666667
10.10315,68.1121166667,37.5999984741,2017-12-04 00:36:31+00:00,11.5,273133200-2017-08-02T14:05:21.000000Z-1,2018-05-15 11:44:03+00:00,3.1027,52.2954666667
21.24824,71.2989066667,65.4,2017-12-05 02:12:56+00:00,12.4,273133200-2017-08-02T14:05:21.000000Z-1,2018-05-15 11:44:03+00:00,3.1027,52.2954666667
32.8074933333,70.2230666667,142.8,2017-12-06 00:07:01+00:00,10.2,273133200-2017-08-02T14:05:21.000000Z-1,2018-05-15 11:44:03+00:00,3.1027,52.2954666667
32.89888,70.2833333333,330.6,2017-12-10 00:41:00+00:00,9.5,273133200-2017-08-02T14:05:21.000000Z-1,2018-05-15 11:44:03+00:00,3.1027,52.2954666667
23.5384,71.6140266667,257.9,2017-12-11 00:22:01+00:00,9.7,273133200-2017-08-02T14:05:21.000000Z-1,2018-05-15 11:44:03+00:00,3.1027,52.2954666667
14.52512,69.7032,225.3,2017-12-12 01:08:15+00:00,7.4,273133200-2017-08-02T14:05:21.000000Z-1,2018-05-15 11:44:03+00:00,3.1027,52.2954666667
7.85656,67.3456533333,222.8,2017-12-13 01:12:20+00:00,8.5,273133200-2017-08-02T14:05:21.000000Z-1,2018-05-15 11:44:03+00:00,3.1027,52.2954666667
1.9192533333,64.80192,222.0,2017-12-14 00:41:01+00:00,8.2,273133200-2017-08-02T14:05:21.000000Z-1,2018-05-15 11:44:03+00:00,3.1027,52.2954666667
-4.0948,61.9356,191.5,2017-12-15 03:20:14+00:00,9.3,273133200-2017-08-02T14:05:21.000000Z-1,2018-05-15 11:44:03+00:00,3.1027,52.2954666667
-5.68665,58.8427333333,195.1000061035,2017-12-16 00:19:42+00:00,9.8000001907,273133200-2017-08-02T14:05:21.000000Z-1,2018-05-15 11:44:03+00:00,3.1027,52.2954666667
-6.58795,55.4881833333,151.4,2017-12-17 00:20:48+00:00,7.7,273133200-2017-08-02T14:05:21.000000Z-1,2018-05-15 11:44:03+00:00,3.1027,52.2954666667
-5.620915,54.7264,327.0,2017-12-18 00:35:15+00:00,0.0,273133200-2017-08-02T14:05:21.000000Z-1,2018-05-15 11:44:03+00:00,3.1027,52.2954666667
-5.5943,54.7227333333,266.5,2017-12-19 00:05:41+00:00,0.0,273133200-2017-08-02T14:05:21.000000Z-1,2018-05-15 11:44:03+00:00,3.1027,52.2954666667
-7.4511333333,56.4613166667,357.1000061035,2017-12-23 00:07:30+00:00,8.8999996185,273133200-2017-08-02T14:05:21.000000Z-1,2018-05-15 11:44:03+00:00,3.1027,52.2954666667
-2.2455,59.4949666667,126.4000015259,2017-12-24 01:11:20+00:00,11.8000001907,273133200-2017-08-02T14:05:21.000000Z-1,2018-05-15 11:44:03+00:00,3.1027,52.2954666667
5.9785833333,57.7869166667,102.3,2017-12-25 04:44:19+00:00,10.4,273133200-2017-08-02T14:05:21.000000Z-1,2018-05-15 11:44:03+00:00,3.1027,52.2954666667
11.1291333333,57.5871666667,111.3000030518,2017-12-26 00:32:58+00:00,13.1000003815,273133200-2017-08-02T14:05:21.000000Z-1,2018-05-15 11:44:03+00:00,3.1027,52.2954666667
16.46385,55.9544166667,61.2999992371,2017-12-27 01:09:20+00:00,13.3000001907,273133200-2017-08-02T14:05:21.000000Z-1,2018-05-15 11:44:03+00:00,3.1027,52.2954666667
23.1694166667,59.52245,71.4000015259,2017-12-28 00:25:34+00:00,13.6000003815,273133200-2017-08-02T14:05:21.000000Z-1,2018-05-15 11:44:03+00:00,3.1027,52.2954666667
25.79305,59.9272666667,257.5,2018-01-04 00:02:53+00:00,10.1000003815,273133200-2017-08-02T14:05:21.000000Z-1,2018-05-15 11:44:03+00:00,3.1027,52.2954666667
20.0914866667,57.84973,211.8999938965,2018-01-05 00:01:55+00:00,9.3999996185,273133200-2017-08-02T14:05:21.000000Z-1,2018-05-15 11:44:03+00:00,3.1027,52.2954666667
15.2843833333,54.9819333333,213.3,2018-01-06 00:33:51+00:00,9.6,273133200-2017-08-02T14:05:21.000000Z-1,2018-05-15 11:44:03+00:00,3.1027,52.2954666667
12.6964833333,55.6299333333,0.0,2018-01-12 00:08:30+00:00,12.3999996185,273133200-2017-08-02T14:05:21.000000Z-1,2018-05-15 11:44:03+00:00,3.1027,52.2954666667
8.5559,57.78345,269.6,2018-01-13 01:05:17+00:00,10.4,273133200-2017-08-02T14:05:21.000000Z-1,2018-05-15 11:44:03+00:00,3.1027,52.2954666667
4.2,60.5067833333,0.0,2018-01-14 00:10:01+00:00,11.0,273133200-2017-08-02T14:05:21.000000Z-1,2018-05-15 11:44:03+00:00,3.1027,52.2954666667
6.0697866667,65.0092533333,14.3,2018-01-15 00:36:10+00:00,11.2,273133200-2017-08-02T14:05:21.000000Z-1,2018-05-15 11:44:03+00:00,3.1027,52.2954666667
9.7213333333,68.8253,12.5,2018-01-16 02:02:34+00:00,8.5,273133200-2017-08-02T14:05:21.000000Z-1,2018-05-15 11:44:03+00:00,3.1027,52.2954666667
18.20776,70.7346933333,49.0,2018-01-17 00:52:12+00:00,10.9,273133200-2017-08-02T14:05:21.000000Z-1,2018-05-15 11:44:03+00:00,3.1027,52.2954666667
29.4089333333,71.2933333333,130.4,2018-01-18 00:20:12+00:00,8.0,273133200-2017-08-02T14:05:21.000000Z-1,2018-05-15 11:44:03+00:00,3.1027,52.2954666667
38.3762933333,68.9570666667,124.8,2018-01-19 01:13:05+00:00,7.9,273133200-2017-08-02T14:05:21.000000Z-1,2018-05-15 11:44:03+00:00,3.1027,52.2954666667
40.2264266667,66.2464266667,233.3,2018-01-20 00:24:53+00:00,12.4,273133200-2017-08-02T14:05:21.000000Z-1,2018-05-15 11:44:03+00:00,3.1027,52.2954666667
36.8484266667,65.93008,125.9,2018-01-29 00:13:45+00:00,8.7,273133200-2017-08-02T14:05:21.000000Z-1,2018-05-15 11:44:03+00:00,3.1027,52.2954666667
40.0555666667,64.96685,165.8000030518,2018-01-30 10:51:41+00:00,0.0,273133200-2017-08-02T14:05:21.000000Z-1,2018-05-15 11:44:03+00:00,3.1027,52.2954666667
40.0545333333,64.9677866667,352.4,2018-01-31 01:26:50+00:00,0.1,273133200-2017-08-02T14:05:21.000000Z-1,2018-05-15 11:44:03+00:00,3.1027,52.2954666667
40.0568266667,64.96608,22.2,2018-02-01 01:35:52+00:00,0.1,273133200-2017-08-02T14:05:21.000000Z-1,2018-05-15 11:44:03+00:00,3.1027,52.2954666667
39.8349333333,65.7845066667,33.7,2018-02-02 00:08:40+00:00,8.6,273133200-2017-08-02T14:05:21.000000Z-1,2018-05-15 11:44:03+00:00,3.1027,52.2954666667
38.2482333333,69.021,309.700012207,2018-02-03 01:06:10+00:00,10.1000003815,273133200-2017-08-02T14:05:21.000000Z-1,2018-05-15 11:44:03+00:00,3.1027,52.2954666667
29.84625,71.2898,309.5,2018-02-04 00:33:31+00:00,9.3999996185,273133200-2017-08-02T14:05:21.000000Z-1,2018-05-15 11:44:03+00:00,3.1027,52.2954666667
21.14328,71.37328,239.6,2018-02-05 00:35:48+00:00,3.4,273133200-2017-08-02T14:05:21.000000Z-1,2018-05-15 11:44:03+00:00,3.1027,52.2954666667
17.7562666667,70.7196,226.9,2018-02-06 00:18:21+00:00,4.6,273133200-2017-08-02T14:05:21.000000Z-1,2018-05-15 11:44:03+00:00,3.1027,52.2954666667
12.3696533333,69.0088,227.7,2018-02-07 00:49:12+00:00,6.2,273133200-2017-08-02T14:05:21.000000Z-1,2018-05-15 11:44:03+00:00,3.1027,52.2954666667
7.7882933333,66.5826933333,208.1,2018-02-08 01:09:17+00:00,6.8,273133200-2017-08-02T14:05:21.000000Z-1,2018-05-15 11:44:03+00:00,3.1027,52.2954666667
5.0793833333,64.1758333333,204.1000061035,2018-02-09 02:59:19+00:00,5.9000000954,273133200-2017-08-02T14:05:21.000000Z-1,2018-05-15 11:44:03+00:00,3.1027,52.2954666667
4.0021833333,61.9003333333,179.5,2018-02-10 00:44:52+00:00,8.1999998093,273133200-2017-08-02T14:05:21.000000Z-1,2018-05-15 11:44:03+00:00,3.1027,52.2954666667
3.9334666667,59.9472166667,187.7,2018-02-11 00:35:40+00:00,1.7,273133200-2017-08-02T14:05:21.000000Z-1,2018-05-15 11:44:03+00:00,3.1027,52.2954666667
3.3562666667,57.6101866667,166.2,2018-02-12 02:08:01+00:00,7.9,273133200-2017-08-02T14:05:21.000000Z-1,2018-05-15 11:44:03+00:00,3.1027,52.2954666667
3.9158833333,52.7430166667,179.5,2018-02-13 17:17:33+00:00,8.1000003815,273133200-2018-02-13T17:17:33.000000Z-1,2018-05-15 11:44:03+00:00,3.1027,52.2954666667
4.6746833333,53.41195,18.8999996185,2018-02-28 00:02:23+00:00,8.6000003815,273133200-2018-02-13T17:17:33.000000Z-1,2018-05-15 11:44:03+00:00,3.1027,52.2954666667
7.4208833333,56.4677666667,26.8,2018-03-01 13:30:51+00:00,7.6,273133200-2018-03-01T13:30:51.000000Z-1,2018-05-15 11:44:03+00:00,3.1027,52.2954666667
8.3828666667,57.4213,27.5,2018-03-02 00:14:32+00:00,5.8000001907,273133200-2018-03-01T13:30:51.000000Z-1,2018-05-15 11:44:03+00:00,3.1027,52.2954666667
9.39805,57.8024,266.799987793,2018-03-13 00:11:03+00:00,10.6000003815,273133200-2018-03-01T13:30:51.000000Z-1,2018-05-15 11:44:03+00:00,3.1027,52.2954666667
4.19905,60.0587666667,0.3,2018-03-14 00:55:11+00:00,9.0,273133200-2018-03-01T13:30:51.000000Z-1,2018-05-15 11:44:03+00:00,3.1027,52.2954666667
4.9711833333,63.8213333333,21.0,2018-03-15 01:07:33+00:00,8.3999996185,273133200-2018-03-01T13:30:51.000000Z-1,2018-05-15 11:44:03+00:00,3.1027,52.2954666667
8.8734666667,67.2198133333,27.9,2018-03-16 00:53:17+00:00,10.7,273133200-2018-03-01T13:30:51.000000Z-1,2018-05-15 11:44:03+00:00,3.1027,52.2954666667
17.0042933333,70.3621866667,46.1,2018-03-17 01:07:59+00:00,11.5,273133200-2018-03-01T13:30:51.000000Z-1,2018-05-15 11:44:03+00:00,3.1027,52.2954666667
28.2294666667,71.4690133333,104.5,2018-03-18 00:28:48+00:00,10.3,273133200-2018-03-01T13:30:51.000000Z-1,2018-05-15 11:44:03+00:00,3.1027,52.2954666667
37.4350333333,69.2583833333,122.6,2018-03-19 00:22:05+00:00,4.2,273133200-2018-03-01T13:30:51.000000Z-1,2018-05-15 11:44:03+00:00,3.1027,52.2954666667
41.4029833333,67.33145,341.3,2018-03-20 01:23:06+00:00,2.1,273133200-2018-03-01T13:30:51.000000Z-1,2018-05-15 11:44:03+00:00,3.1027,52.2954666667
40.7854666667,66.13496,233.7,2018-03-21 00:22:03+00:00,14.8,273133200-2018-03-01T13:30:51.000000Z-1,2018-05-15 11:44:03+00:00,3.1027,52.2954666667
39.4553666667,65.5188666667,357.8999938965,2018-03-22 04:35:51+00:00,0.5,273133200-2018-03-01T13:30:51.000000Z-1,2018-05-15 11:44:03+00:00,3.1027,52.2954666667
40.2802333333,64.84085,265.5,2018-04-01 01:10:25+00:00,0.0,273133200-2018-03-01T13:30:51.000000Z-1,2018-05-15 11:44:03+00:00,3.1027,52.2954666667
40.0074666667,64.9668,325.5,2018-04-02 00:33:07+00:00,0.2,273133200-2018-03-01T13:30:51.000000Z-1,2018-05-15 11:44:03+00:00,3.1027,52.2954666667
38.9787466667,65.62176,270.2,2018-04-03 01:19:57+00:00,0.9,273133200-2018-03-01T13:30:51.000000Z-1,2018-05-15 11:44:03+00:00,3.1027,52.2954666667
40.8241333333,66.3468,14.8,2018-04-04 00:16:46+00:00,9.1,273133200-2018-03-01T13:30:51.000000Z-1,2018-05-15 11:44:03+00:00,3.1027,52.2954666667
39.1239466667,68.49736,314.8,2018-04-05 00:06:11+00:00,9.8,273133200-2018-03-01T13:30:51.000000Z-1,2018-05-15 11:44:03+00:00,3.1027,52.2954666667
35.0210933333,69.9930933333,307.1,2018-04-06 00:28:39+00:00,8.8,273133200-2018-03-01T13:30:51.000000Z-1,2018-05-15 11:44:03+00:00,3.1027,52.2954666667
24.9655733333,71.70376,258.3,2018-04-07 00:20:07+00:00,9.6,273133200-2018-03-01T13:30:51.000000Z-1,2018-05-15 11:44:03+00:00,3.1027,52.2954666667
15.4884666667,70.0152666667,226.3000030518,2018-04-08 00:53:55+00:00,8.8000001907,273133200-2018-03-01T13:30:51.000000Z-1,2018-05-15 11:44:03+00:00,3.1027,52.2954666667
9.1700833333,67.63415,206.8000030518,2018-04-09 01:26:36+00:00,8.6999998093,273133200-2018-03-01T13:30:51.000000Z-1,2018-05-15 11:44:03+00:00,3.1027,52.2954666667
5.4300333333,64.5688166667,199.5,2018-04-10 00:16:39+00:00,8.6000003815,273133200-2018-03-01T13:30:51.000000Z-1,2018-05-15 11:44:03+00:00,3.1027,52.2954666667
3.9970833333,61.0316166667,184.5,2018-04-11 00:05:55+00:00,7.8000001907,273133200-2018-03-01T13:30:51.000000Z-1,2018-05-15 11:44:03+00:00,3.1027,52.2954666667
4.0052166667,56.95215,175.1999969482,2018-04-12 04:54:26+00:00,7.9000000954,273133200-2018-03-01T13:30:51.000000Z-1,2018-05-15 11:44:03+00:00,3.1027,52.2954666667
4.67274,53.6388083333,201.8000030518,2018-04-13 00:57:26+00:00,11.6999998093,273133200-2018-03-01T13:30:51.000000Z-1,2018-05-15 11:44:03+00:00,3.1027,52.2954666667
4.606933333333333,53.28308333333333,28.0,2018-04-18 00:25:49+00:00,9.399999618530272,273133200-2018-03-01T13:30:51.000000Z-1,2018-05-15 11:44:03+00:00,3.1027,52.2954666667
5.0186833333,57.6155666667,344.3999938965,2018-04-19 03:11:41+00:00,10.1000003815,273133200-2018-03-01T13:30:51.000000Z-1,2018-05-15 11:44:03+00:00,3.1027,52.2954666667
4.2006166667,61.6428333333,7.1999998093,2018-04-20 00:53:32+00:00,9.1000003815,273133200-2018-03-01T13:30:51.000000Z-1,2018-05-15 11:44:03+00:00,3.1027,52.2954666667
7.68544,66.32696,31.7,2018-04-21 02:52:43+00:00,12.4,273133200-2018-03-01T13:30:51.000000Z-1,2018-05-15 11:44:03+00:00,3.1027,52.2954666667
15.5329333333,69.9014933333,47.2,2018-04-22 00:48:41+00:00,12.5,273133200-2018-03-01T13:30:51.000000Z-1,2018-05-15 11:44:03+00:00,3.1027,52.2954666667
29.3205,71.3144166667,124.0,2018-04-23 00:05:51+00:00,13.0,273133200-2018-03-01T13:30:51.000000Z-1,2018-05-15 11:44:03+00:00,3.1027,52.2954666667
39.3472533333,68.4042933333,140.7,2018-04-24 00:02:16+00:00,10.7,273133200-2018-03-01T13:30:51.000000Z-1,2018-05-15 11:44:03+00:00,3.1027,52.2954666667
39.7993866667,65.7098666667,117.1,2018-04-25 00:05:31+00:00,10.1,273133200-2018-03-01T13:30:51.000000Z-1,2018-05-15 11:44:03+00:00,3.1027,52.2954666667
39.5784266667,65.20848,350.2,2018-04-26 00:20:30+00:00,0.4,273133200-2018-03-01T13:30:51.000000Z-1,2018-05-15 11:44:03+00:00,3.1027,52.2954666667
40.5002,64.7421666667,161.1000061035,2018-04-27 00:04:12+00:00,7.5999999046,273133200-2018-03-01T13:30:51.000000Z-1,2018-05-15 11:44:03+00:00,3.1027,52.2954666667
39.68936,65.69824,31.8,2018-05-06 00:29:10+00:00,9.8,273133200-2018-03-01T13:30:51.000000Z-1,2018-05-15 11:44:03+00:00,3.1027,52.2954666667
38.6872533333,68.6662933333,317.6,2018-05-07 00:08:29+00:00,8.5,273133200-2018-03-01T13:30:51.000000Z-1,2018-05-15 11:44:03+00:00,3.1027,52.2954666667
30.51055,71.13555,307.2,2018-05-08 00:03:08+00:00,9.5,273133200-2018-03-01T13:30:51.000000Z-1,2018-05-15 11:44:03+00:00,3.1027,52.2954666667
20.4430933333,71.26968,246.0,2018-05-09 00:24:30+00:00,8.7,273133200-2018-03-01T13:30:51.000000Z-1,2018-05-15 11:44:03+00:00,3.1027,52.2954666667
12.7025333333,69.1197833333,229.8000030518,2018-05-10 00:15:00+00:00,9.5,273133200-2018-03-01T13:30:51.000000Z-1,2018-05-15 11:44:03+00:00,3.1027,52.2954666667
7.5168266667,66.3727466667,209.5,2018-05-11 00:01:37+00:00,8.9,273133200-2018-03-01T13:30:51.000000Z-1,2018-05-15 11:44:03+00:00,3.1027,52.2954666667
3.99752,62.5997333333,183.0,2018-05-12 04:15:23+00:00,9.6,273133200-2018-03-01T13:30:51.000000Z-1,2018-05-15 11:44:03+00:00,3.1027,52.2954666667
4.00075,59.4114333333,181.0,2018-05-13 00:26:02+00:00,9.5,273133200-2018-03-01T13:30:51.000000Z-1,2018-05-15 11:44:03+00:00,3.1027,52.2954666667
4.1572483333,55.6055683333,174.1000061035,2018-05-14 00:48:56+00:00,9.3999996185,273133200-2018-03-01T13:30:51.000000Z-1,2018-05-15 11:44:03+00:00,3.1027,52.2954666667
3.1027,52.2954666667,189.6000061035,2018-05-15 01:09:25+00:00,6.9000000954,273133200-2018-03-01T13:30:51.000000Z-1,2018-05-15 11:44:03+00:00,3.1027,52.2954666667
2.9149666667,52.1103333333,221.5,2018-12-08 00:29:19+00:00,5.0999999046,273133200-2018-03-01T13:30:51.000000Z-1,,,
1.32045,50.9293333333,190.1000061035,2018-12-09 00:28:49+00:00,0.6999999881,273133200-2018-03-01T13:30:51.000000Z-1,,,
-0.9362166667,50.3348833333,257.1,2018-12-10 00:00:06+00:00,4.3,273133200-2018-03-01T13:30:51.000000Z-1,,,
-4.5660333333,50.0508,22.6000003815,2018-12-11 00:59:09+00:00,0.1000000015,273133200-2018-03-01T13:30:51.000000Z-1,,,
-4.56695,50.0527166667,87.5,2018-12-12 00:22:59+00:00,0.4,273133200-2018-03-01T13:30:51.000000Z-1,,,
-4.5751,50.0528166667,278.1000061035,2018-12-13 00:29:28+00:00,1.0,273133200-2018-03-01T13:30:51.000000Z-1,,,
-5.97695,49.737025,276.2,2018-12-14 00:45:08+00:00,4.8,273133200-2018-03-01T13:30:51.000000Z-1,,,
-5.0038,50.0440833333,265.9,2018-12-15 01:12:43+00:00,0.4,273133200-2018-03-01T13:30:51.000000Z-1,,,
-5.0518666667,50.1255666667,340.2,2018-12-16 00:32:40+00:00,0.0,273133200-2018-03-01T13:30:51.000000Z-1,,,
-5.0521383333,50.1259383333,163.3000030518,2018-12-17 00:24:20+00:00,0.1000000015,273133200-2018-03-01T13:30:51.000000Z-1,,,
-5.0554333333,50.12765,151.5,2018-12-18 01:05:14+00:00,0.1,273133200-2018-03-01T13:30:51.000000Z-1,,,
-5.0434166667,50.1285833333,126.2,2018-12-19 00:12:02+00:00,0.6,273133200-2018-03-01T13:30:51.000000Z-1,,,
-5.0409666667,50.12725,123.0,2018-12-20 00:36:02+00:00,0.1,273133200-2018-03-01T13:30:51.000000Z-1,,,
-5.0409833333,50.1283333333,55.5,2018-12-21 01:06:26+00:00,0.1,273133200-2018-03-01T13:30:51.000000Z-1,,,
-5.0403333333,50.12755,244.6,2018-12-22 00:51:25+00:00,0.0,273133200-2018-03-01T13:30:51.000000Z-1,,,
-5.0426666667,50.1285833333,256.1,2018-12-23 00:16:19+00:00,0.1,273133200-2018-03-01T13:30:51.000000Z-1,,,
-5.0403333333,50.1273333333,327.2,2018-12-24 01:01:21+00:00,0.1,273133200-2018-03-01T13:30:51.000000Z-1,,,
-5.0338333333,50.1696666667,271.0,2018-12-25 00:17:57+00:00,0.1,273133200-2018-03-01T13:30:51.000000Z-1,,,
-5.0329833333,50.1697833333,140.8,2018-12-26 00:02:31+00:00,0.0,273133200-2018-03-01T13:30:51.000000Z-1,,,
-5.0327333333,50.1696333333,167.8999938965,2018-12-27 00:18:04+00:00,0.0,273133200-2018-03-01T13:30:51.000000Z-1,,,
-5.03315,50.1696166667,186.5,2018-12-28 00:13:55+00:00,0.0,273133200-2018-03-01T13:30:51.000000Z-1,,,
-5.0328833333,50.1697333333,287.0,2018-12-29 00:10:54+00:00,0.1,273133200-2018-03-01T13:30:51.000000Z-1,,,
-5.0324666667,50.1697666667,255.1000061035,2018-12-30 00:20:00+00:00,0.0,273133200-2018-03-01T13:30:51.000000Z-1,,,
-5.0313833333,50.1704166667,9.2,2018-12-31 00:52:56+00:00,0.0,273133200-2018-03-01T13:30:51.000000Z-1,,,
-5.0326333333,50.1697166667,271.5,2019-01-01 00:52:32+00:00,0.0,273133200-2018-03-01T13:30:51.000000Z-1,,,
-5.0315666667,50.1702333333,33.7,2019-01-02 00:31:32+00:00,0.1,273133200-2018-03-01T13:30:51.000000Z-1,,,
-5.0346166667,50.1721166667,231.8000030518,2019-01-03 01:07:06+00:00,0.0,273133200-2018-03-01T13:30:51.000000Z-1,,,
-5.0341166667,50.1722833333,123.6,2019-01-04 01:02:59+00:00,0.0,273133200-2018-03-01T13:30:51.000000Z-1,,,
-5.0332,50.1723666667,358.5,2019-01-05 00:27:01+00:00,0.0,273133200-2018-03-01T13:30:51.000000Z-1,,,
-5.0318833333,50.1719166667,304.8,2019-01-06 01:12:00+00:00,0.0,273133200-2018-03-01T13:30:51.000000Z-1,,,
-5.0322666667,50.1698333333,69.1,2019-01-07 00:50:00+00:00,0.2,273133200-2018-03-01T13:30:51.000000Z-1,,,
-5.0313,50.1701666667,52.8,2019-01-08 00:11:00+00:00,0.1,273133200-2018-03-01T13:30:51.000000Z-1,,,
-5.033,50.1694666667,256.7,2019-01-09 00:41:00+00:00,0.1,273133200-2018-03-01T13:30:51.000000Z-1,,,
-5.0326333333,50.1696,40.5,2019-01-10 00:27:25+00:00,0.0,273133200-2018-03-01T13:30:51.000000Z-1,,,
-5.0332,50.1695333333,74.8000030518,2019-01-11 00:14:38+00:00,0.0,273133200-2018-03-01T13:30:51.000000Z-1,,,
-5.0329166667,50.16955,77.9,2019-01-12 00:02:40+00:00,0.1,273133200-2018-03-01T13:30:51.000000Z-1,,,
-5.0321833333,50.1696,60.8,2019-01-13 01:02:40+00:00,0.0,273133200-2018-03-01T13:30:51.000000Z-1,,,
-5.03285,50.1694333333,6.8,2019-01-14 01:07:50+00:00,0.0,273133200-2018-03-01T13:30:51.000000Z-1,,,
-5.03135,50.1701833333,22.7000007629,2019-01-15 00:14:44+00:00,0.0,273133200-2018-03-01T13:30:51.000000Z-1,,,
-5.0318,50.1722833333,18.8,2019-01-16 01:02:04+00:00,0.1,273133200-2018-03-01T13:30:51.000000Z-1,,,
-5.0318,50.1697666667,38.3,2019-01-17 00:56:04+00:00,0.1,273133200-2018-03-01T13:30:51.000000Z-1,,,
-5.0318333333,50.1719166667,331.799987793,2019-01-18 00:42:24+00:00,0.0,273133200-2018-03-01T13:30:51.000000Z-1,,,
-5.0319316667,50.17231,38.7,2019-01-19 00:32:04+00:00,0.0,273133200-2018-03-01T13:30:51.000000Z-1,,,
-5.03115,50.1706166667,334.5,2019-01-20 00:27:34+00:00,0.0,273133200-2018-03-01T13:30:51.000000Z-1,,,
-5.0320666667,50.1697666667,25.4,2019-01-21 00:21:08+00:00,0.1,273133200-2018-03-01T13:30:51.000000Z-1,,,
-5.0314833333,50.1699,186.6,2019-01-22 00:26:05+00:00,0.1,273133200-2018-03-01T13:30:51.000000Z-1,,,
-5.0316666667,50.1698,56.7,2019-01-23 00:01:27+00:00,0.0,273133200-2018-03-01T13:30:51.000000Z-1,,,
-5.0326666667,50.1697333333,14.1,2019-01-24 00:52:27+00:00,0.1,273133200-2018-03-01T13:30:51.000000Z-1,,,
-5.0323,50.16955,284.299987793,2019-01-25 00:15:52+00:00,0.0,273133200-2018-03-01T13:30:51.000000Z-1,,,
-5.0316833333,50.1699333333,43.9000015259,2019-01-26 00:22:00+00:00,0.1000000015,273133200-2018-03-01T13:30:51.000000Z-1,,,
-5.0310166667,50.1703833333,258.700012207,2019-01-27 00:07:24+00:00,0.1000000015,273133200-2018-03-01T13:30:51.000000Z-1,,,
-5.0328,50.1695166667,243.1000061035,2019-01-28 00:06:17+00:00,0.0,273133200-2018-03-01T13:30:51.000000Z-1,,,
-5.03275,50.1695,35.0999984741,2019-01-29 00:31:06+00:00,0.1000000015,273133200-2018-03-01T13:30:51.000000Z-1,,,
-5.0313,50.1700333333,13.6,2019-01-30 00:06:42+00:00,0.1,273133200-2018-03-01T13:30:51.000000Z-1,,,
-5.0311666667,50.17055,157.8,2019-01-31 00:27:43+00:00,0.0,273133200-2018-03-01T13:30:51.000000Z-1,,,
-5.0357666667,50.1711166667,38.0,2019-02-01 01:02:34+00:00,0.1,273133200-2018-03-01T13:30:51.000000Z-1,,,
-5.0329166667,50.1693666667,61.8,2019-02-02 00:02:34+00:00,0.1,273133200-2018-03-01T13:30:51.000000Z-1,,,
-5.03155,50.1717,37.8,2019-02-03 00:02:35+00:00,0.1,273133200-2018-03-01T13:30:51.000000Z-1,,,
-5.0328,50.17265,307.1,2019-02-04 00:17:36+00:00,0.1,273133200-2018-03-01T13:30:51.000000Z-1,,,
-5.0346,50.1705333333,335.299987793,2019-02-05 00:01:05+00:00,0.3000000119,273133200-2018-03-01T13:30:51.000000Z-1,,,
-5.0319333333,50.1701333333,45.3,2019-02-06 00:56:36+00:00,0.1,273133200-2018-03-01T13:30:51.000000Z-1,,,
-5.0307,50.1713666667,302.0,2019-02-07 00:41:36+00:00,0.1,273133200-2018-03-01T13:30:51.000000Z-1,,,
-5.03195,50.1725,23.2,2019-02-08 00:41:38+00:00,0.1,273133200-2018-03-01T13:30:51.000000Z-1,,,
-5.0310833333,50.1703166667,73.5,2019-02-09 00:47:38+00:00,0.1,273133200-2018-03-01T13:30:51.000000Z-1,,,
-5.0319166667,50.17,41.2,2019-02-10 00:17:14+00:00,0.0,273133200-2018-03-01T13:30:51.000000Z-1,,,
-5.0317833333,50.1697333333,155.6,2019-02-11 00:04:30+00:00,0.1,273133200-2018-03-01T13:30:51.000000Z-1,,,
-5.0331666667,50.16945,46.7000007629,2019-02-12 00:57:45+00:00,0.1000000015,273133200-2018-03-01T13:30:51.000000Z-1,,,
-5.033,50.1725833333,62.0,2019-02-13 00:06:03+00:00,0.1,273133200-2018-03-01T13:30:51.000000Z-1,,,
-5.0352833333,50.1713333333,109.7,2019-02-14 00:32:02+00:00,0.1,273133200-2018-03-01T13:30:51.000000Z-1,,,
-5.0354833333,50.1715,293.9,2019-02-15 00:52:23+00:00,0.0,273133200-2018-03-01T13:30:51.000000Z-1,,,
-5.0321333333,50.1724,62.4,2019-02-16 01:01:23+00:00,0.1,273133200-2018-03-01T13:30:51.000000Z-1,,,
-5.0327833333,50.1726,22.3,2019-02-17 00:01:24+00:00,0.0,273133200-2018-03-01T13:30:51.000000Z-1,,,
-5.03245,50.17255,48.4,2019-02-18 00:17:42+00:00,0.0,273133200-2018-03-01T13:30:51.000000Z-1,,,
-5.03145,50.1720166667,22.0,2019-02-19 00:17:43+00:00,0.0,273133200-2018-03-01T13:30:51.000000Z-1,,,
-5.0328333333,50.17265,201.5,2019-02-20 00:52:23+00:00,0.0,273133200-2018-03-01T13:30:51.000000Z-1,,,
-5.0321666667,50.1725333333,21.6000003815,2019-02-21 00:02:19+00:00,0.1000000015,273133200-2018-03-01T13:30:51.000000Z-1,,,
-5.0340166667,50.1700333333,283.700012207,2019-02-22 00:08:16+00:00,0.1000000015,273133200-2018-03-01T13:30:51.000000Z-1,,,
-5.0338666667,50.1699166667,337.5,2019-02-23 00:06:22+00:00,0.1,273133200-2018-03-01T13:30:51.000000Z-1,,,
-5.0330833333,50.16965,287.700012207,2019-02-24 00:24:26+00:00,0.1000000015,273133200-2018-03-01T13:30:51.000000Z-1,,,
-5.0353333333,50.17035,183.3,2019-02-25 00:27:22+00:00,0.0,273133200-2018-03-01T13:30:51.000000Z-1,,,
-5.0348166667,50.1699166667,321.8,2019-02-26 00:00:22+00:00,0.1,273133200-2018-03-01T13:30:51.000000Z-1,,,
-5.0330166667,50.1696,292.8,2019-02-27 00:30:23+00:00,0.0,273133200-2018-03-01T13:30:51.000000Z-1,,,
-5.0315166667,50.172,328.5,2019-02-28 00:27:21+00:00,0.1,273133200-2018-03-01T13:30:51.000000Z-1,,,
-5.0311333333,50.1702666667,34.4,2019-03-01 00:00:22+00:00,0.1,273133200-2018-03-01T13:30:51.000000Z-1,,,
-5.0310166667,50.1718,109.2,2019-03-02 00:00:22+00:00,0.1,273133200-2018-03-01T13:30:51.000000Z-1,,,
-5.0322333333,50.1724166667,61.1,2019-03-03 00:17:36+00:00,0.0,273133200-2018-03-01T13:30:51.000000Z-1,,,
-5.0318166667,50.1698666667,33.9,2019-03-04 00:11:37+00:00,0.0,273133200-2018-03-01T13:30:51.000000Z-1,,,
-5.0310833333,50.17175,9.5,2019-03-05 00:44:14+00:00,0.1000000015,273133200-2018-03-01T13:30:51.000000Z-1,,,
-5.03305,50.1727,73.2,2019-03-06 01:01:59+00:00,0.1,273133200-2018-03-01T13:30:51.000000Z-1,,,
-5.031,50.1702,23.0,2019-03-07 00:07:59+00:00,0.1,273133200-2018-03-01T13:30:51.000000Z-1,,,
-5.0320333333,50.1698,42.4,2019-03-08 01:02:50+00:00,0.1,273133200-2018-03-01T13:30:51.000000Z-1,,,
-5.0334666667,50.1695333333,323.4,2019-03-09 01:01:51+00:00,0.0,273133200-2018-03-01T13:30:51.000000Z-1,,,
-5.0309333333,50.1718333333,138.5,2019-03-10 00:37:52+00:00,0.0,273133200-2018-03-01T13:30:51.000000Z-1,,,
-5.0311166667,50.17015,215.3,2019-03-11 00:25:51+00:00,0.4,273133200-2018-03-01T13:30:51.000000Z-1,,,
-5.0320166667,50.1724833333,282.7,2019-03-12 00:02:11+00:00,0.1,273133200-2018-03-01T13:30:51.000000Z-1,,,
-5.0315,50.1699166667,310.2,2019-03-13 00:47:10+00:00,0.1,273133200-2018-03-01T13:30:51.000000Z-1,,,
-5.0308,50.1706833333,280.2,2019-03-14 01:01:06+00:00,0.0,273133200-2018-03-01T13:30:51.000000Z-1,,,
-5.0307666667,50.1706833333,56.1,2019-03-15 00:01:06+00:00,0.1,273133200-2018-03-01T13:30:51.000000Z-1,,,
-5.0314,50.1721333333,77.8,2019-03-16 00:37:06+00:00,0.2,273133200-2018-03-01T13:30:51.000000Z-1,,,
-5.03105,50.1703166667,134.7,2019-03-17 00:00:09+00:00,0.1,273133200-2018-03-01T13:30:51.000000Z-1,,,
-5.0312666667,50.1700833333,52.0,2019-03-18 00:27:10+00:00,0.0,273133200-2018-03-01T13:30:51.000000Z-1,,,
-5.03205,50.17215,354.8999938965,2019-03-19 00:48:12+00:00,0.0,273133200-2018-03-01T13:30:51.000000Z-1,,,
-5.03165,50.1721833333,3.4000000954,2019-03-20 01:04:06+00:00,0.0,273133200-2018-03-01T13:30:51.000000Z-1,,,
-5.0323316667,50.1721366667,201.2,2019-04-28 10:13:20+00:00,0.0,273133200-2019-04-28T10:13:20.000000Z-1,,,
-5.0346683333,50.1720616667,39.6,2019-04-29 08:47:20+00:00,0.0,273133200-2019-04-28T10:13:20.000000Z-1,,,
-5.035555,50.1712266667,207.3,2019-04-30 08:44:21+00:00,0.0,273133200-2019-04-28T10:13:20.000000Z-1,,,
-5.0326066667,50.169535,82.0,2019-05-01 09:12:28+00:00,0.0,273133200-2019-04-28T10:13:20.000000Z-1,,,
-5.0313916667,50.1699733333,20.8,2019-05-02 10:59:21+00:00,0.0,273133200-2019-04-28T10:13:20.000000Z-1,,,
-5.0333566667,50.1695783333,129.8,2019-05-03 09:44:20+00:00,0.0,273133200-2019-04-28T10:13:20.000000Z-1,,,
-5.03387,50.1694133333,87.5,2019-05-04 08:33:22+00:00,0.0,273133200-2019-04-28T10:13:20.000000Z-1,,,
-5.0337583333,50.16945,359.5,2019-05-05 08:32:21+00:00,0.0,273133200-2019-04-28T10:13:20.000000Z-1,,,
