lon,lat,course,timestamp,speed,seg_id,depth,latitude,longitude,time,mlotst_cglo,mlotst_glor,mlotst_oras,siconc_cglo,siconc_glor,siconc_oras,sithick_cglo,sithick_glor,sithick_oras,so_cglo,so_glor,so_oras,thetao_cglo,thetao_glor,thetao_oras,uo_cglo,uo_glor,uo_oras,vo_cglo,vo_glor,vo_oras,zos_cglo,zos_glor,zos_oras,index,lon_destination,lat_destination,timestamp_destination
102.4849466667,71.9961416667,32.2999992371,2021-06-07 06:44:42+00:00,0.200000003,273419310-2021-06-07T06:44:42.000000Z-1,0.50576,72.0,102.5,2021-06-07,,,,,,,,,,,,,,,,,,,,,,,,,0,129.47951666666663,71.58258833333333,2023-08-17 01:40:16+00:00
102.48502166666668,71.99625166666667,140.8,2021-06-08 00:09:03+00:00,0.0,273419310-2021-06-07T06:44:42.000000Z-1,0.50576,72.0,102.5,2021-06-08,,,,,,,,,,,,,,,,,,,,,,,,,1,129.47951666666663,71.58258833333333,2023-08-17 01:40:16+00:00
102.485495,71.99634166666667,177.4,2021-06-09 01:36:54+00:00,0.0,273419310-2021-06-07T06:44:42.000000Z-1,0.50576,72.0,102.5,2021-06-09,,,,,,,,,,,,,,,,,,,,,,,,,2,129.47951666666663,71.58258833333333,2023-08-17 01:40:16+00:00
102.48539166666669,71.99638833333333,44.9,2021-06-10 00:08:24+00:00,0.0,273419310-2021-06-07T06:44:42.000000Z-1,0.50576,72.0,102.5,2021-06-10,,,,,,,,,,,,,,,,,,,,,,,,,3,129.47951666666663,71.58258833333333,2023-08-17 01:40:16+00:00
102.485885,71.99611166666666,132.1,2021-06-11 00:15:59+00:00,0.0,273419310-2021-06-07T06:44:42.000000Z-1,0.50576,72.0,102.5,2021-06-11,,,,,,,,,,,,,,,,,,,,,,,,,4,129.47951666666663,71.58258833333333,2023-08-17 01:40:16+00:00
102.49559833333332,71.99642833333333,255.8,2021-06-12 01:16:10+00:00,0.0,273419310-2021-06-07T06:44:42.000000Z-1,0.50576,72.0,102.5,2021-06-12,,,,,,,,,,,,,,,,,,,,,,,,,5,129.47951666666663,71.58258833333333,2023-08-17 01:40:16+00:00
102.49582833333334,71.99628,69.6,2021-06-13 01:04:50+00:00,0.0,273419310-2021-06-07T06:44:42.000000Z-1,0.50576,72.0,102.5,2021-06-13,,,,,,,,,,,,,,,,,,,,,,,,,6,129.47951666666663,71.58258833333333,2023-08-17 01:40:16+00:00
102.49494833333334,71.99664833333334,149.0,2021-06-14 00:59:27+00:00,0.5,273419310-2021-06-07T06:44:42.000000Z-1,0.50576,72.0,102.5,2021-06-14,,,,,,,,,,,,,,,,,,,,,,,,,7,129.47951666666663,71.58258833333333,2023-08-17 01:40:16+00:00
102.49583833333334,71.9964,335.9,2021-06-15 00:18:14+00:00,0.1,273419310-2021-06-07T06:44:42.000000Z-1,0.50576,72.0,102.5,2021-06-15,,,,,,,,,,,,,,,,,,,,,,,,,8,129.47951666666663,71.58258833333333,2023-08-17 01:40:16+00:00
102.49548333333334,71.99653666666667,58.9,2021-06-16 00:27:49+00:00,0.0,273419310-2021-06-07T06:44:42.000000Z-1,0.50576,72.0,102.5,2021-06-16,,,,,,,,,,,,,,,,,,,,,,,,,9,129.47951666666663,71.58258833333333,2023-08-17 01:40:16+00:00
102.45848333333332,71.98907333333334,137.3,2021-06-17 00:35:09+00:00,0.0,273419310-2021-06-07T06:44:42.000000Z-1,0.50576,72.0,102.5,2021-06-17,,,,,,,,,,,,,,,,,,,,,,,,,10,129.47951666666663,71.58258833333333,2023-08-17 01:40:16+00:00
102.45796333333334,71.989315,214.4,2021-06-18 00:14:49+00:00,0.0,273419310-2021-06-07T06:44:42.000000Z-1,0.50576,72.0,102.5,2021-06-18,,,,,,,,,,,,,,,,,,,,,,,,,11,129.47951666666663,71.58258833333333,2023-08-17 01:40:16+00:00
102.46665,71.98431666666667,155.5,2021-06-19 00:47:05+00:00,0.0,273419310-2021-06-07T06:44:42.000000Z-1,0.50576,72.0,102.5,2021-06-19,,,,,,,,,,,,,,,,,,,,,,,,,12,129.47951666666663,71.58258833333333,2023-08-17 01:40:16+00:00
102.46031,71.98994666666667,316.7,2021-06-20 00:32:30+00:00,0.2,273419310-2021-06-07T06:44:42.000000Z-1,0.50576,72.0,102.5,2021-06-20,,,,,,,,,,,,,,,,,,,,,,,,,13,129.47951666666663,71.58258833333333,2023-08-17 01:40:16+00:00
102.46125833333332,71.99011833333333,90.3,2021-06-21 00:30:09+00:00,0.1,273419310-2021-06-07T06:44:42.000000Z-1,0.50576,72.0,102.5,2021-06-21,,,,,,,,,,,,,,,,,,,,,,,,,14,129.47951666666663,71.58258833333333,2023-08-17 01:40:16+00:00
102.46156,71.98997166666666,333.3,2021-06-22 01:06:50+00:00,0.0,273419310-2021-06-07T06:44:42.000000Z-1,0.50576,72.0,102.5,2021-06-22,,,,,,,,,,,,,,,,,,,,,,,,,15,129.47951666666663,71.58258833333333,2023-08-17 01:40:16+00:00
102.45991333333332,71.98983166666666,173.5,2021-06-23 00:16:17+00:00,0.1,273419310-2021-06-07T06:44:42.000000Z-1,0.50576,72.0,102.5,2021-06-23,,,,,,,,,,,,,,,,,,,,,,,,,16,129.47951666666663,71.58258833333333,2023-08-17 01:40:16+00:00
102.45999166666668,71.98998,122.1,2021-06-24 01:03:01+00:00,0.0,273419310-2021-06-07T06:44:42.000000Z-1,0.50576,72.0,102.5,2021-06-24,,,,,,,,,,,,,,,,,,,,,,,,,17,129.47951666666663,71.58258833333333,2023-08-17 01:40:16+00:00
102.46016,71.98992,119.7,2021-06-25 01:27:51+00:00,0.1,273419310-2021-06-07T06:44:42.000000Z-1,0.50576,72.0,102.5,2021-06-25,,,,,,,,,,,,,,,,,,,,,,,,,18,129.47951666666663,71.58258833333333,2023-08-17 01:40:16+00:00
102.459995,71.989985,97.9,2021-06-26 00:07:15+00:00,0.0,273419310-2021-06-07T06:44:42.000000Z-1,0.50576,72.0,102.5,2021-06-26,,,,,,,,,,,,,,,,,,,,,,,,,19,129.47951666666663,71.58258833333333,2023-08-17 01:40:16+00:00
102.45995833333332,71.98996333333334,109.3,2021-06-27 01:38:15+00:00,0.1,273419310-2021-06-07T06:44:42.000000Z-1,0.50576,72.0,102.5,2021-06-27,,,,,,,,,,,,,,,,,,,,,,,,,20,129.47951666666663,71.58258833333333,2023-08-17 01:40:16+00:00
102.45991666666669,71.989935,136.7,2021-06-28 00:26:46+00:00,0.1,273419310-2021-06-07T06:44:42.000000Z-1,0.50576,72.0,102.5,2021-06-28,,,,,,,,,,,,,,,,,,,,,,,,,21,129.47951666666663,71.58258833333333,2023-08-17 01:40:16+00:00
102.45988166666666,71.98992666666666,29.4,2021-06-29 00:36:32+00:00,0.0,273419310-2021-06-07T06:44:42.000000Z-1,0.50576,72.0,102.5,2021-06-29,,,,,,,,,,,,,,,,,,,,,,,,,22,129.47951666666663,71.58258833333333,2023-08-17 01:40:16+00:00
102.457195,71.99020166666666,218.5,2021-06-30 01:57:59+00:00,0.0,273419310-2021-06-07T06:44:42.000000Z-1,0.50576,72.0,102.5,2021-06-30,,,,,,,,,,,,,,,,,,,,,,,,,23,129.47951666666663,71.58258833333333,2023-08-17 01:40:16+00:00
102.45715666666666,71.990225,254.3,2021-07-01 00:05:08+00:00,0.0,273419310-2021-06-07T06:44:42.000000Z-1,0.50576,72.0,102.5,2021-07-01,,,,,,,,,,,,,,,,,,,,,,,,,24,129.47951666666663,71.58258833333333,2023-08-17 01:40:16+00:00
102.45668333333332,71.99035166666667,115.0,2021-07-02 00:02:34+00:00,0.1,273419310-2021-06-07T06:44:42.000000Z-1,0.50576,72.0,102.5,2021-07-02,,,,,,,,,,,,,,,,,,,,,,,,,25,129.47951666666663,71.58258833333333,2023-08-17 01:40:16+00:00
102.45761833333331,71.98998,2.2,2021-07-03 00:42:30+00:00,0.1,273419310-2021-06-07T06:44:42.000000Z-1,0.50576,72.0,102.5,2021-07-03,,,,,,,,,,,,,,,,,,,,,,,,,26,129.47951666666663,71.58258833333333,2023-08-17 01:40:16+00:00
102.456955,71.99028666666666,275.9,2021-07-04 00:28:09+00:00,0.0,273419310-2021-06-07T06:44:42.000000Z-1,0.50576,72.0,102.5,2021-07-04,,,,,,,,,,,,,,,,,,,,,,,,,27,129.47951666666663,71.58258833333333,2023-08-17 01:40:16+00:00
102.45791,71.99035166666667,115.8,2021-07-05 01:31:38+00:00,0.4,273419310-2021-06-07T06:44:42.000000Z-1,0.50576,72.0,102.5,2021-07-05,,,,,,,,,,,,,,,,,,,,,,,,,28,129.47951666666663,71.58258833333333,2023-08-17 01:40:16+00:00
102.440605,71.97992166666667,144.6,2021-07-06 01:23:11+00:00,0.0,273419310-2021-06-07T06:44:42.000000Z-1,0.50576,72.0,102.5,2021-07-06,,,,,,,,,,,,,,,,,,,,,,,,,29,129.47951666666663,71.58258833333333,2023-08-17 01:40:16+00:00
102.46210833333332,71.99057166666667,199.6,2021-07-07 00:16:31+00:00,0.0,273419310-2021-06-07T06:44:42.000000Z-1,0.50576,72.0,102.5,2021-07-07,,,,,,,,,,,,,,,,,,,,,,,,,30,129.47951666666663,71.58258833333333,2023-08-17 01:40:16+00:00
102.46312333333331,71.99049333333333,137.6,2021-07-08 00:05:08+00:00,0.1,273419310-2021-06-07T06:44:42.000000Z-1,0.50576,72.0,102.5,2021-07-08,,,,,,,,,,,,,,,,,,,,,,,,,31,129.47951666666663,71.58258833333333,2023-08-17 01:40:16+00:00
102.46354,71.99023,6.9,2021-07-09 01:00:45+00:00,0.2,273419310-2021-06-07T06:44:42.000000Z-1,0.50576,72.0,102.5,2021-07-09,,,,,,,,,,,,,,,,,,,,,,,,,32,129.47951666666663,71.58258833333333,2023-08-17 01:40:16+00:00
102.46072833333334,71.98821333333333,99.5,2021-07-10 00:28:14+00:00,0.2,273419310-2021-06-07T06:44:42.000000Z-1,0.50576,72.0,102.5,2021-07-10,,,,,,,,,,,,,,,,,,,,,,,,,33,129.47951666666663,71.58258833333333,2023-08-17 01:40:16+00:00
102.45544666666666,71.98302,25.2,2021-07-11 00:31:49+00:00,0.1,273419310-2021-06-07T06:44:42.000000Z-1,0.50576,72.0,102.5,2021-07-11,,,,,,,,,,,,,,,,,,,,,,,,,34,129.47951666666663,71.58258833333333,2023-08-17 01:40:16+00:00
102.45423833333334,71.98348666666666,141.3,2021-07-12 00:20:33+00:00,0.1,273419310-2021-06-07T06:44:42.000000Z-1,0.50576,72.0,102.5,2021-07-12,,,,,,,,,,,,,,,,,,,,,,,,,35,129.47951666666663,71.58258833333333,2023-08-17 01:40:16+00:00
102.45452666666668,71.98346,43.5,2021-07-13 00:26:49+00:00,0.1,273419310-2021-06-07T06:44:42.000000Z-1,0.50576,72.0,102.5,2021-07-13,,,,,,,,,,,,,,,,,,,,,,,,,36,129.47951666666663,71.58258833333333,2023-08-17 01:40:16+00:00
102.45637,71.98359166666667,194.7,2021-07-14 00:00:32+00:00,0.1,273419310-2021-06-07T06:44:42.000000Z-1,0.50576,72.0,102.5,2021-07-14,,,,,,,,,,,,,,,,,,,,,,,,,37,129.47951666666663,71.58258833333333,2023-08-17 01:40:16+00:00
102.45626166666666,71.98385833333333,20.1,2021-07-15 00:00:57+00:00,0.0,273419310-2021-06-07T06:44:42.000000Z-1,0.50576,72.0,102.5,2021-07-15,,,,,,,,,,,,,,,,,,,,,,,,,38,129.47951666666663,71.58258833333333,2023-08-17 01:40:16+00:00
102.45588833333332,71.98405333333334,313.1,2021-07-16 01:18:04+00:00,0.1,273419310-2021-06-07T06:44:42.000000Z-1,0.50576,72.0,102.5,2021-07-16,,,,,,,,,,,,,,,,,,,,,,,,,39,129.47951666666663,71.58258833333333,2023-08-17 01:40:16+00:00
102.456,71.98392,31.1,2021-07-17 00:26:32+00:00,0.1,273419310-2021-06-07T06:44:42.000000Z-1,0.50576,72.0,102.5,2021-07-17,,,,,,,,,,,,,,,,,,,,,,,,,40,129.47951666666663,71.58258833333333,2023-08-17 01:40:16+00:00
102.45561,71.98408166666667,100.7,2021-07-18 00:45:02+00:00,0.0,273419310-2021-06-07T06:44:42.000000Z-1,0.50576,72.0,102.5,2021-07-18,,,,,,,,,,,,,,,,,,,,,,,,,41,129.47951666666663,71.58258833333333,2023-08-17 01:40:16+00:00
102.45608666666666,71.98374666666666,216.3,2021-07-19 00:21:47+00:00,0.0,273419310-2021-06-07T06:44:42.000000Z-1,0.50576,72.0,102.5,2021-07-19,,,,,,,,,,,,,,,,,,,,,,,,,42,129.47951666666663,71.58258833333333,2023-08-17 01:40:16+00:00
102.45587666666668,71.98397166666666,96.5,2021-07-20 00:37:53+00:00,0.0,273419310-2021-06-07T06:44:42.000000Z-1,0.50576,72.0,102.5,2021-07-20,,,,,,,,,,,,,,,,,,,,,,,,,43,129.47951666666663,71.58258833333333,2023-08-17 01:40:16+00:00
102.45603,71.98370166666666,356.9,2021-07-21 01:05:32+00:00,0.1,273419310-2021-06-07T06:44:42.000000Z-1,0.50576,72.0,102.5,2021-07-21,,,,,,,,,,,,,,,,,,,,,,,,,44,129.47951666666663,71.58258833333333,2023-08-17 01:40:16+00:00
102.45617333333334,71.983815,99.8,2021-07-22 00:15:11+00:00,0.1,273419310-2021-06-07T06:44:42.000000Z-1,0.50576,72.0,102.5,2021-07-22,,,,,,,,,,,,,,,,,,,,,,,,,45,129.47951666666663,71.58258833333333,2023-08-17 01:40:16+00:00
102.45565666666668,71.98399666666667,285.2,2021-07-23 00:54:22+00:00,0.0,273419310-2021-06-07T06:44:42.000000Z-1,0.50576,72.0,102.5,2021-07-23,,,,,,,,,,,,,,,,,,,,,,,,,46,129.47951666666663,71.58258833333333,2023-08-17 01:40:16+00:00
102.45594666666666,71.98397333333334,132.7,2021-07-24 00:46:23+00:00,0.0,273419310-2021-06-07T06:44:42.000000Z-1,0.50576,72.0,102.5,2021-07-24,,,,,,,,,,,,,,,,,,,,,,,,,47,129.47951666666663,71.58258833333333,2023-08-17 01:40:16+00:00
102.45623833333332,71.983885,315.1,2021-07-25 00:58:22+00:00,0.0,273419310-2021-06-07T06:44:42.000000Z-1,0.50576,72.0,102.5,2021-07-25,,,,,,,,,,,,,,,,,,,,,,,,,48,129.47951666666663,71.58258833333333,2023-08-17 01:40:16+00:00
102.45601333333332,71.98403833333333,0.0,2021-07-26 01:17:35+00:00,0.0,273419310-2021-06-07T06:44:42.000000Z-1,0.50576,72.0,102.5,2021-07-26,,,,,,,,,,,,,,,,,,,,,,,,,49,129.47951666666663,71.58258833333333,2023-08-17 01:40:16+00:00
102.45609,71.983815,0.0,2021-07-27 01:45:21+00:00,0.0,273419310-2021-06-07T06:44:42.000000Z-1,0.50576,72.0,102.5,2021-07-27,,,,,,,,,,,,,,,,,,,,,,,,,50,129.47951666666663,71.58258833333333,2023-08-17 01:40:16+00:00
102.454045,71.98426,0.0,2021-07-28 00:24:42+00:00,0.0,273419310-2021-06-07T06:44:42.000000Z-1,0.50576,72.0,102.5,2021-07-28,,,,,,,,,,,,,,,,,,,,,,,,,51,129.47951666666663,71.58258833333333,2023-08-17 01:40:16+00:00
102.45584166666669,71.983985,0.0,2021-07-29 00:04:34+00:00,0.0,273419310-2021-06-07T06:44:42.000000Z-1,0.50576,72.0,102.5,2021-07-29,,,,,,,,,,,,,,,,,,,,,,,,,52,129.47951666666663,71.58258833333333,2023-08-17 01:40:16+00:00
102.4556866667,71.983965,0.0,2021-07-30 00:11:07+00:00,0.0,273419310-2021-06-07T06:44:42.000000Z-1,0.50576,72.0,102.5,2021-07-30,,,,,,,,,,,,,,,,,,,,,,,,,53,129.47951666666663,71.58258833333333,2023-08-17 01:40:16+00:00
102.45481833333334,71.98421666666667,0.0,2021-07-31 00:57:57+00:00,0.0,273419310-2021-06-07T06:44:42.000000Z-1,0.50576,72.0,102.5,2021-07-31,,,,,,,,,,,,,,,,,,,,,,,,,54,129.47951666666663,71.58258833333333,2023-08-17 01:40:16+00:00
102.45556666666668,71.98407333333333,0.0,2021-08-01 01:01:06+00:00,0.0,273419310-2021-06-07T06:44:42.000000Z-1,0.50576,72.0,102.5,2021-08-01,,,,,,,,,,,,,,,,,,,,,,,,,55,129.47951666666663,71.58258833333333,2023-08-17 01:40:16+00:00
102.47585833333332,71.98713666666667,0.0,2021-08-02 00:17:58+00:00,0.0,273419310-2021-06-07T06:44:42.000000Z-1,0.50576,72.0,102.5,2021-08-02,,,,,,,,,,,,,,,,,,,,,,,,,56,129.47951666666663,71.58258833333333,2023-08-17 01:40:16+00:00
105.68257333333334,72.82659,64.2,2021-08-03 00:00:12+00:00,7.0,273419310-2021-06-07T06:44:42.000000Z-1,0.50576,72.75,105.75,2021-08-03,,,,,,,,,,,,,,,,,,,,,,,,,57,129.47951666666663,71.58258833333333,2023-08-17 01:40:16+00:00
113.18288833333334,73.92342666666667,141.4,2021-08-04 00:05:04+00:00,6.8,273419310-2021-06-07T06:44:42.000000Z-1,0.50576,74.0,113.25,2021-08-04,10.767898,10.767898,10.767898,0.0,0.0,0.0,0.0,0.0,0.0,14.939447,19.308867,18.53793,3.8348758,3.2998486,7.2048726,-0.034049645,-0.0839536,-0.053831067,0.06828011,0.06619446,0.03333715,-1.9076753,-0.44788328,-0.35191795,58,129.47951666666663,71.58258833333333,2023-08-17 01:40:16+00:00
118.01177333333334,73.70385333333333,102.3,2021-08-05 00:49:49+00:00,6.9,273419310-2021-06-07T06:44:42.000000Z-1,0.50576,73.75,118.0,2021-08-05,11.999999,11.852078,12.0,0.0,0.0,0.0,0.0,0.0,0.0,18.267532,23.176685,21.925104,5.4797993,3.4204566,5.7370815,-0.11976772,-0.15649067,-0.14802976,0.062222455,0.06982239,0.05824066,-1.9989074,-0.56383955,-0.48693758,59,129.47951666666663,71.58258833333333,2023-08-17 01:40:16+00:00
124.420215,74.03011666666667,101.1,2021-08-06 00:05:45+00:00,6.4,273419310-2021-06-07T06:44:42.000000Z-1,0.50576,74.0,124.5,2021-08-06,11.443767,10.767898,10.780124,0.0,0.0,0.0,0.0,0.0,0.0,10.708867,13.251555,10.603854,5.830022,3.6246493,7.101778,-0.33330598,-0.36443296,-0.4221494,0.17261603,0.2068966,0.15412915,-1.9654392,-0.50422466,-0.44630718,60,129.47951666666663,71.58258833333333,2023-08-17 01:40:16+00:00
130.05882666666668,73.00825333333333,162.5,2021-08-07 00:06:45+00:00,4.6,273419310-2021-06-07T06:44:42.000000Z-1,0.50576,73.0,130.0,2021-08-07,11.062291,10.767898,10.8734665,0.0,0.0,0.0,0.0,0.0,0.0,11.126432,13.624472,14.390692,9.734142,9.941873,9.718597,-0.057929736,-0.044751745,-0.053948626,0.21938172,0.20633847,0.19633372,-1.9253845,-0.4704214,-0.42630404,61,129.47951666666663,71.58258833333333,2023-08-17 01:40:16+00:00
136.40765,71.72529166666666,99.5,2021-08-08 00:09:06+00:00,5.0,273419310-2021-06-07T06:44:42.000000Z-1,0.50576,71.75,136.5,2021-08-08,10.767898,10.767898,11.461831,0.0,0.0,0.0,0.0,0.0,0.0,16.352482,19.390833,17.353527,7.9856944,7.9245925,7.642291,0.024262007,0.079115264,0.05899759,-0.022290219,-0.023898255,-0.018812621,-1.9573485,-0.5134923,-0.4291077,62,129.47951666666663,71.58258833333333,2023-08-17 01:40:16+00:00
136.18236166666668,71.42465833333333,0.0,2021-08-09 00:32:07+00:00,0.0,273419310-2021-06-07T06:44:42.000000Z-1,0.50576,71.5,136.25,2021-08-09,11.880345,10.767898,12.0,0.0,0.0,0.0,0.0,0.0,0.0,15.333473,17.949669,16.366486,8.564013,7.752437,8.098886,-0.0117717525,0.045115367,0.04888863,-0.040801886,-0.05775245,-0.022555921,-1.8578237,-0.40473285,-0.3344111,63,129.47951666666663,71.58258833333333,2023-08-17 01:40:16+00:00
136.67828666666668,71.73555333333333,0.0,2021-08-10 00:13:05+00:00,0.0,273419310-2021-06-07T06:44:42.000000Z-1,0.50576,71.75,136.75,2021-08-10,10.836975,10.767898,11.528777,0.0,0.0,0.0,0.0,0.0,0.0,16.570509,19.81309,17.436623,8.580434,7.9160876,8.026326,-0.055245154,-0.04167332,-0.03177226,0.028345944,0.030318037,0.022128953,-1.9846324,-0.5234989,-0.4480118,64,129.47951666666663,71.58258833333333,2023-08-17 01:40:16+00:00
136.19239,71.44128333333333,0.0,2021-08-11 00:55:53+00:00,0.0,273419310-2021-06-07T06:44:42.000000Z-1,0.50576,71.5,136.25,2021-08-11,10.803464,10.767898,12.0,0.0,0.0,0.0,0.0,0.0,0.0,15.459051,18.11779,16.498198,8.6810465,8.114482,7.8531957,0.04705266,0.0799038,0.04255166,-0.014918944,-0.058182076,-0.011759972,-1.9118959,-0.4516664,-0.39725232,65,129.47951666666663,71.58258833333333,2023-08-17 01:40:16+00:00
136.19259333333332,71.441265,0.0,2021-08-12 00:11:27+00:00,0.1,273419310-2021-06-07T06:44:42.000000Z-1,0.50576,71.5,136.25,2021-08-12,11.431644,10.767898,11.767341,0.0,0.0,0.0,0.0,0.0,0.0,15.127034,17.530554,16.44438,8.592018,8.725631,7.495936,0.18243724,0.18396007,0.15696736,-0.06970247,-0.101614855,-0.06317153,-1.6547855,-0.20090628,-0.12765515,66,129.47951666666663,71.58258833333333,2023-08-17 01:40:16+00:00
136.203815,71.440705,0.0,2021-08-13 00:31:16+00:00,0.1,273419310-2021-06-07T06:44:42.000000Z-1,0.50576,71.5,136.25,2021-08-13,10.799907,10.781679,11.950145,0.0,0.0,0.0,0.0,0.0,0.0,14.228218,16.606712,15.804187,8.367429,8.366428,7.0526247,0.38190737,0.4094103,0.32856813,-0.1575195,-0.20220946,-0.11587213,-1.0941412,0.34022087,0.56621015,67,129.47951666666663,71.58258833333333,2023-08-17 01:40:16+00:00
136.20852833333333,71.43949666666667,96.4,2021-08-14 00:00:14+00:00,7.7,273419310-2021-06-07T06:44:42.000000Z-1,0.50576,71.5,136.25,2021-08-14,10.803464,10.802574,12.0,0.0,0.0,0.0,0.0,0.0,0.0,14.119647,16.37588,15.33247,8.135944,7.9655027,6.629353,-0.035903417,0.026580306,-0.09022176,0.0036451463,-0.046823613,0.027482675,-1.4414531,0.08052706,0.21894643,68,129.47951666666663,71.58258833333333,2023-08-17 01:40:16+00:00
136.69552333333334,71.68800166666666,342.2,2021-08-15 00:18:33+00:00,0.5,273419310-2021-06-07T06:44:42.000000Z-1,0.50576,71.75,136.75,2021-08-15,10.940667,10.940667,11.041321,0.0,0.0,0.0,0.0,0.0,0.0,15.227512,17.835096,16.033241,7.7746563,7.648245,7.1841593,-0.08265738,-0.09778702,-0.123316325,0.055245213,0.05009342,0.04520191,-1.813535,-0.33090216,-0.23504137,69,129.47951666666663,71.58258833333333,2023-08-17 01:40:16+00:00
136.18171166666667,71.42570333333333,0.0,2021-08-16 01:15:54+00:00,0.0,273419310-2021-06-07T06:44:42.000000Z-1,0.50576,71.5,136.25,2021-08-16,11.670952,11.745736,12.0,0.0,0.0,0.0,0.0,0.0,0.0,15.0222845,17.290787,16.276493,7.793941,7.559004,7.152283,-0.1311351,-0.13624272,-0.15927787,0.0017805443,0.03862293,0.029548628,-1.9314605,-0.47189173,-0.39329803,70,129.47951666666663,71.58258833333333,2023-08-17 01:40:16+00:00
136.60038166666666,71.74426666666666,0.0,2021-08-17 00:12:32+00:00,0.0,273419310-2021-06-07T06:44:42.000000Z-1,0.50576,71.75,136.5,2021-08-17,10.832137,10.767898,11.818318,0.0,0.0,0.0,0.0,0.0,0.0,15.863461,18.36761,16.619692,7.6889944,7.4326415,7.704568,-0.028385686,0.018504722,-0.023066899,-0.020128017,-0.019978883,-0.03019992,-1.9603871,-0.4853275,-0.42209682,71,129.47951666666663,71.58258833333333,2023-08-17 01:40:16+00:00
136.60459333333333,71.74391,0.0,2021-08-18 00:06:07+00:00,0.1,273419310-2021-06-07T06:44:42.000000Z-1,0.50576,71.75,136.5,2021-08-18,10.921533,10.767898,11.379742,0.0,0.0,0.0,0.0,0.0,0.0,15.100402,18.029242,16.802238,7.9718747,7.57109,7.6808004,0.11309037,0.09980373,0.06455595,-0.045755107,-0.038049847,-0.03767095,-1.7330862,-0.28624237,-0.2132648,72,129.47951666666663,71.58258833333333,2023-08-17 01:40:16+00:00
136.68147833333333,71.73284333333334,0.0,2021-08-19 00:23:08+00:00,0.0,273419310-2021-06-07T06:44:42.000000Z-1,0.50576,71.75,136.75,2021-08-19,10.940667,10.767898,11.468609,0.0,0.0,0.0,0.0,0.0,0.0,15.933387,18.597322,16.926456,8.1042595,7.9039764,7.601247,0.039605025,0.037656352,0.015909534,-0.03150258,-0.019168327,-0.011043462,-1.7499868,-0.2766756,-0.20269607,73,129.47951666666663,71.58258833333333,2023-08-17 01:40:16+00:00
136.18851833333332,71.44099666666666,0.0,2021-08-20 00:43:57+00:00,0.2,273419310-2021-06-07T06:44:42.000000Z-1,0.50576,71.5,136.25,2021-08-20,10.953031,10.767898,11.761907,0.0,0.0,0.0,0.0,0.0,0.0,14.287311,16.76391,16.532354,8.417232,8.061928,7.9477334,-0.053002905,0.016415576,0.008331522,-0.022880977,-0.036364682,-0.015032755,-1.8105448,-0.32094377,-0.2566769,74,129.47951666666663,71.58258833333333,2023-08-17 01:40:16+00:00
136.24276833333334,71.43891166666667,88.9,2021-08-21 00:13:35+00:00,6.6,273419310-2021-06-07T06:44:42.000000Z-1,0.50576,71.5,136.25,2021-08-21,10.803464,10.773232,12.0,0.0,0.0,0.0,0.0,0.0,0.0,14.955328,17.253172,16.562757,8.265456,7.6999154,8.199227,-0.17962879,-0.15399207,-0.09826778,-0.0017147502,0.012201271,-0.0072658937,-2.021093,-0.56690603,-0.5293439,75,129.47951666666663,71.58258833333333,2023-08-17 01:40:16+00:00
136.6816,71.70173333333334,322.8,2021-08-22 00:45:45+00:00,0.1,273419310-2021-06-07T06:44:42.000000Z-1,0.50576,71.75,136.75,2021-08-22,11.999999,11.446314,12.0,0.0,0.0,0.0,0.0,0.0,0.0,16.656681,19.342127,17.36021,7.9036803,7.4039035,7.862333,-0.10878592,-0.13669646,-0.10838626,-0.01161066,0.0066313082,-0.020935602,-2.0491908,-0.5845503,-0.5374178,76,129.47951666666663,71.58258833333333,2023-08-17 01:40:16+00:00
136.67852166666663,71.73330166666666,0.0,2021-08-23 00:48:19+00:00,0.0,273419310-2021-06-07T06:44:42.000000Z-1,0.50576,71.75,136.75,2021-08-23,11.999999,11.807668,12.0,0.0,0.0,0.0,0.0,0.0,0.0,16.776382,19.530745,17.426298,7.608612,7.2324386,7.6803904,-0.064215325,-0.06840335,-0.053493835,-0.00508421,0.01923341,-0.020995513,-2.075558,-0.59659237,-0.5566375,77,129.47951666666663,71.58258833333333,2023-08-17 01:40:16+00:00
136.18068,71.42618666666667,0.0,2021-08-24 01:15:32+00:00,0.0,273419310-2021-06-07T06:44:42.000000Z-1,0.50576,71.5,136.25,2021-08-24,11.999999,10.770121,12.0,0.0,0.0,0.0,0.0,0.0,0.0,15.532299,18.001493,16.830896,7.4656286,7.029472,7.8003607,0.11768542,0.118283935,0.1294211,-0.045879353,-0.053747825,-0.015906233,-1.8571951,-0.3949667,-0.34906188,78,129.47951666666663,71.58258833333333,2023-08-17 01:40:16+00:00
136.6849733333,71.7337733333,314.8999938965,2021-08-25 00:20:57+00:00,0.400000006,273419310-2021-06-07T06:44:42.000000Z-1,0.50576,71.75,136.75,2021-08-25,11.882194,10.890538,11.541867,0.0,0.0,0.0,0.0,0.0,0.0,16.463804,19.414894,17.590631,7.1364746,7.3049493,6.9731016,0.049790293,0.06245718,0.058611255,0.00062370003,0.004286293,0.020477459,-1.8800248,-0.39399368,-0.34297946,79,129.47951666666663,71.58258833333333,2023-08-17 01:40:16+00:00
136.21119833333333,71.44053666666667,0.0,2021-08-26 00:06:44+00:00,0.1,273419310-2021-06-07T06:44:42.000000Z-1,0.50576,71.5,136.25,2021-08-26,11.760693,11.7417345,12.0,0.0,0.0,0.0,0.0,0.0,0.0,15.595305,18.177483,16.92854,7.305166,6.917771,7.085372,-0.23751597,-0.21680778,-0.15008116,0.020512551,0.064696856,0.040767908,-2.4620507,-1.0110164,-1.1324435,80,129.47951666666663,71.58258833333333,2023-08-17 01:40:16+00:00
136.21192,71.44025833333333,0.0,2021-08-27 00:42:54+00:00,0.0,273419310-2021-06-07T06:44:42.000000Z-1,0.50576,71.5,136.25,2021-08-27,11.999999,12.0,12.0,0.0,0.0,0.0,0.0,0.0,0.0,15.751271,18.239174,16.526318,7.120668,6.882936,6.7153378,0.14576788,0.14183897,0.3136996,-0.08394118,-0.071731344,-0.12452593,-1.8282479,-0.41552743,-0.3702045,81,129.47951666666663,71.58258833333333,2023-08-17 01:40:16+00:00
136.20481833333332,71.43949166666667,0.0,2021-08-28 01:07:32+00:00,0.0,273419310-2021-06-07T06:44:42.000000Z-1,0.50576,71.5,136.25,2021-08-28,11.999999,12.0,12.0,0.0,0.0,0.0,0.0,0.0,0.0,15.856228,18.205462,15.942379,6.87611,6.730773,6.4027147,-0.08104914,-0.096048854,-0.08566122,-0.0029267212,0.015636368,-0.0030373847,-1.9110776,-0.4119821,-0.33226976,82,129.47951666666663,71.58258833333333,2023-08-17 01:40:16+00:00
136.708045,71.68309333333333,0.0,2021-08-29 00:18:16+00:00,0.0,273419310-2021-06-07T06:44:42.000000Z-1,0.50576,71.75,136.75,2021-08-29,11.999999,12.0,12.0,0.0,0.0,0.0,0.0,0.0,0.0,17.281961,19.622936,17.89841,6.5872335,6.6801953,5.8975763,-0.117110156,-0.106628045,-0.08195191,-0.0010357656,-0.004398695,-0.027905978,-2.2003946,-0.7417657,-0.7297993,83,129.47951666666663,71.58258833333333,2023-08-17 01:40:16+00:00
136.71007666666668,71.681935,174.6,2021-08-30 00:15:53+00:00,1.4,273419310-2021-06-07T06:44:42.000000Z-1,0.50576,71.75,136.75,2021-08-30,11.999999,12.0,12.0,0.0,0.0,0.0,0.0,0.0,0.0,17.341152,19.788195,18.049992,6.4487495,6.615942,5.629552,0.021832189,0.03183389,0.058762074,-0.033053122,-0.050726637,-0.04692179,-1.8998988,-0.44698966,-0.39871493,84,129.47951666666663,71.58258833333333,2023-08-17 01:40:16+00:00
136.77310833333334,71.71798333333334,0.0,2021-08-31 00:45:26+00:00,0.0,273419310-2021-06-07T06:44:42.000000Z-1,0.50576,71.75,136.75,2021-08-31,11.999999,11.681925,11.646584,0.0,0.0,0.0,0.0,0.0,0.0,17.402403,19.865135,18.009495,6.2296376,6.5852304,5.3900065,0.024247166,0.032645296,0.02921831,-0.01779016,-0.0181003,-0.007422295,-1.8815672,-0.40362963,-0.36734846,85,129.47951666666663,71.58258833333333,2023-08-17 01:40:16+00:00
136.20226,71.44065,0.0,2021-09-01 01:00:07+00:00,0.0,273419310-2021-06-07T06:44:42.000000Z-1,0.50576,71.5,136.25,2021-09-01,11.999999,11.101391,12.0,0.0,0.0,0.0,0.0,0.0,0.0,16.307884,18.542917,16.515041,6.211189,6.3432474,5.921361,-0.10926504,-0.13488084,-0.12832268,0.018280672,0.052455924,0.02564754,-2.058681,-0.5753753,-0.53210664,86,129.47951666666663,71.58258833333333,2023-08-17 01:40:16+00:00
136.18141333333332,71.42586666666666,0.0,2021-09-02 00:19:35+00:00,0.0,273419310-2021-06-07T06:44:42.000000Z-1,0.50576,71.5,136.25,2021-09-02,11.999999,11.669301,11.867052,0.0,0.0,0.0,0.0,0.0,0.0,16.383493,18.628128,16.61952,6.102437,6.225326,5.841271,0.0034387354,-0.003402552,-0.11186031,0.026117764,0.043932963,0.035682864,-2.1941035,-0.72568154,-0.7717997,87,129.47951666666663,71.58258833333333,2023-08-17 01:40:16+00:00
136.183935,71.44106,0.0,2021-09-03 00:10:06+00:00,0.0,273419310-2021-06-07T06:44:42.000000Z-1,0.50576,71.5,136.25,2021-09-03,11.999999,10.779456,11.850433,0.0,0.0,0.0,0.0,0.0,0.0,16.163855,18.65608,16.848965,5.8932924,6.1340203,5.805296,0.3079948,0.3032243,0.28671935,-0.11950863,-0.10306607,-0.08678883,-1.6548436,-0.19899136,-0.13925004,88,129.47951666666663,71.58258833333333,2023-08-17 01:40:16+00:00
136.18358333333333,71.440835,0.0,2021-09-04 00:43:40+00:00,0.1,273419310-2021-06-07T06:44:42.000000Z-1,0.50576,71.5,136.25,2021-09-04,10.982944,10.803464,11.684247,0.0,0.0,0.0,0.0,0.0,0.0,15.56827,17.79479,16.552942,5.6026225,5.5987773,5.619114,0.1504362,0.22286376,0.12694867,-0.03589734,-0.07995976,-0.029943114,-1.4715844,0.060257494,0.18472102,89,129.47951666666663,71.58258833333333,2023-08-17 01:40:16+00:00
136.18250833333337,71.44143333333334,0.0,2021-09-05 00:26:23+00:00,0.1,273419310-2021-06-07T06:44:42.000000Z-1,0.50576,71.5,136.25,2021-09-05,11.057728,10.803464,12.0,0.0,0.0,0.0,0.0,0.0,0.0,15.655932,17.397253,16.575375,5.5276456,5.250499,5.4833384,0.10824401,0.16417088,0.0696778,-0.005064583,-0.053080827,-0.016019724,-1.6801189,-0.1632511,-0.08081601,90,129.47951666666663,71.58258833333333,2023-08-17 01:40:16+00:00
136.1834816666667,71.441475,5.0,2021-09-06 00:38:56+00:00,0.1,273419310-2021-06-07T06:44:42.000000Z-1,0.50576,71.5,136.25,2021-09-06,11.999999,11.425421,12.0,0.0,0.0,0.0,0.0,0.0,0.0,15.314884,17.084867,15.419309,5.593411,5.2986493,5.5576615,0.15983285,0.24637267,0.26855317,-0.028167054,-0.05426939,-0.06099639,-1.4080689,0.12982996,0.2754957,91,129.47951666666663,71.58258833333333,2023-08-17 01:40:16+00:00
136.18342333333334,71.44111,0.0,2021-09-07 00:09:36+00:00,0.0,273419310-2021-06-07T06:44:42.000000Z-1,0.50576,71.5,136.25,2021-09-07,11.999999,11.986663,12.0,0.0,0.0,0.0,0.0,0.0,0.0,15.380016,17.061434,15.114053,5.440797,4.9922447,5.4393463,-0.15619752,-0.104134984,-0.14083403,0.043392185,0.0016721028,0.041810885,-1.6907321,-0.17990005,-0.075645015,92,129.47951666666663,71.58258833333333,2023-08-17 01:40:16+00:00
136.1834,71.44099666666666,0.0,2021-09-08 01:01:13+00:00,0.1,273419310-2021-06-07T06:44:42.000000Z-1,0.50576,71.5,136.25,2021-09-08,11.999999,12.0,12.0,0.0,0.0,0.0,0.0,0.0,0.0,15.840227,17.467913,16.156984,5.239021,4.6275153,5.217162,-0.19510911,-0.18285182,-0.20981051,0.036482874,0.012913707,0.0535793,-1.8919781,-0.41442278,-0.33972684,93,129.47951666666663,71.58258833333333,2023-08-17 01:40:16+00:00
136.76063166666663,71.70872,0.0,2021-09-09 00:01:50+00:00,0.1,273419310-2021-06-07T06:44:42.000000Z-1,0.50576,71.75,136.75,2021-09-09,11.057555,10.940667,12.0,0.0,0.0,0.0,0.0,0.0,0.0,16.229284,18.175034,16.820787,5.19155,4.656667,4.9184437,-0.14805615,-0.14464492,-0.15686247,0.049426153,0.04170774,0.041601323,-2.125979,-0.62332046,-0.6093326,94,129.47951666666663,71.58258833333333,2023-08-17 01:40:16+00:00
136.674375,71.68336,0.0,2021-09-10 00:32:42+00:00,0.0,273419310-2021-06-07T06:44:42.000000Z-1,0.50576,71.75,136.75,2021-09-10,11.000572,10.879185,11.751707,0.0,0.0,0.0,0.0,0.0,0.0,16.523672,18.74555,17.137299,5.111493,4.6942663,4.8905935,-0.001641311,-0.0036251196,0.00012596976,0.023111332,0.015505634,0.015378153,-2.157488,-0.6601448,-0.69333225,95,129.47951666666663,71.58258833333333,2023-08-17 01:40:16+00:00
136.67487666666668,71.683425,0.0,2021-09-11 00:09:18+00:00,0.0,273419310-2021-06-07T06:44:42.000000Z-1,0.50576,71.75,136.75,2021-09-11,11.553891,10.769566,11.982142,0.0,0.0,0.0,0.0,0.0,0.0,16.259233,18.41142,17.011625,5.0821095,4.80389,4.975553,0.18406712,0.18998253,0.20305401,-0.017771468,-0.03135213,-0.039026853,-1.8987973,-0.4012706,-0.35725066,96,129.47951666666663,71.58258833333333,2023-08-17 01:40:16+00:00
136.15392666666668,71.41847666666666,0.0,2021-09-12 00:08:51+00:00,0.0,273419310-2021-06-07T06:44:42.000000Z-1,0.50576,71.5,136.25,2021-09-12,10.803464,10.767898,11.252164,0.0,0.0,0.0,0.0,0.0,0.0,15.123909,17.204166,16.601477,5.269183,5.009526,5.3760552,0.21404979,0.17844544,0.13987073,-0.112211935,-0.10048509,-0.06559615,-1.7645396,-0.2805908,-0.25047356,97,129.47951666666663,71.58258833333333,2023-08-17 01:40:16+00:00
131.91913333333332,71.58888833333333,195.0,2021-09-13 00:14:08+00:00,8.0,273419310-2021-06-07T06:44:42.000000Z-1,0.50576,71.5,132.0,2021-09-13,13.657569,10.767898,14.699362,0.0,0.0,0.0,0.0,0.0,0.0,13.726809,15.034735,14.02578,6.5689507,6.2188234,6.2608476,0.0065395623,-0.004247917,0.0045484724,0.018936915,0.017985236,0.025458384,-1.7703859,-0.27543628,-0.23609756,98,129.47951666666663,71.58258833333333,2023-08-17 01:40:16+00:00
128.27858666666663,73.63837333333333,301.2,2021-09-14 00:03:36+00:00,8.4,273419310-2021-06-07T06:44:42.000000Z-1,0.50576,73.75,128.25,2021-09-14,10.783097,10.767898,10.767898,0.0,0.0,0.0,0.0,0.0,0.0,12.339513,14.147388,15.181967,5.206678,5.1223965,4.8827977,-0.14179067,-0.14873543,-0.1269125,0.068149276,0.08201981,0.022363035,-1.8687001,-0.37275475,-0.32672316,99,129.47951666666663,71.58258833333333,2023-08-17 01:40:16+00:00
119.56446,73.458505,316.4,2021-09-15 00:22:14+00:00,8.5,273419310-2021-06-07T06:44:42.000000Z-1,0.50576,73.5,119.5,2021-09-15,11.999999,11.830729,11.700233,0.0,0.0,0.0,0.0,0.0,0.0,14.545828,16.371027,15.156577,4.9015894,5.162373,5.0229554,-0.12120958,-0.17146496,-0.21884198,0.10585348,0.10718678,0.12365322,-1.9652302,-0.48989493,-0.45583543,100,129.47951666666663,71.58258833333333,2023-08-17 01:40:16+00:00
112.80365166666668,73.94117166666666,72.9,2021-09-16 00:49:25+00:00,0.2,273419310-2021-06-07T06:44:42.000000Z-1,0.50576,74.0,112.75,2021-09-16,11.0454,11.526098,12.0,0.0,0.0,0.0,0.0,0.0,0.0,18.682667,21.168789,20.113897,4.054842,4.71302,4.66663,-0.11127526,-0.098572165,-0.077628426,-0.0021693679,0.0075282305,0.018222257,-1.7691022,-0.24361137,-0.14315931,101,129.47951666666663,71.58258833333333,2023-08-17 01:40:16+00:00
112.81393833333334,73.94273833333334,347.1,2021-09-17 00:49:07+00:00,0.4,273419310-2021-06-07T06:44:42.000000Z-1,0.50576,74.0,112.75,2021-09-17,11.100647,11.941069,12.0,0.0,0.0,0.0,0.0,0.0,0.0,18.848795,21.176052,20.088505,3.8319652,4.5256934,4.375409,-0.057118103,-0.06186832,-0.030326199,-0.038546957,-0.051771555,-0.06553751,-1.821012,-0.31693518,-0.25956544,102,129.47951666666663,71.58258833333333,2023-08-17 01:40:16+00:00
112.81448,73.94114666666667,0.0,2021-09-18 00:02:08+00:00,0.0,273419310-2021-06-07T06:44:42.000000Z-1,0.50576,74.0,112.75,2021-09-18,11.379082,11.077814,11.950891,0.0,0.0,0.0,0.0,0.0,0.0,18.894627,21.10818,20.070192,3.8118088,4.1922936,4.1889167,-0.015040924,-0.039023608,-0.01591183,-0.039021295,-0.036364164,-0.05087712,-1.8853949,-0.37492442,-0.3311046,103,129.47951666666663,71.58258833333333,2023-08-17 01:40:16+00:00
112.81447,73.942205,0.0,2021-09-19 00:27:03+00:00,0.0,273419310-2021-06-07T06:44:42.000000Z-1,0.50576,74.0,112.75,2021-09-19,11.168786,10.767898,11.817455,0.0,0.0,0.0,0.0,0.0,0.0,18.80965,20.958456,20.070017,3.9191144,3.793701,4.12357,-0.0042860284,-0.036576852,-2.5703981e-05,-0.005870484,0.010976194,-0.010978931,-1.9439527,-0.43165714,-0.39564735,104,129.47951666666663,71.58258833333333,2023-08-17 01:40:16+00:00
112.81358,73.94240666666667,0.0,2021-09-20 00:18:39+00:00,0.0,273419310-2021-06-07T06:44:42.000000Z-1,0.50576,74.0,112.75,2021-09-20,11.168786,10.767898,11.862946,0.0,0.0,0.0,0.0,0.0,0.0,18.809559,20.970715,20.080084,3.7956228,3.808196,3.9966717,-0.042589728,-0.08128876,-0.059760604,0.022761805,0.047176432,0.013825217,-1.9406463,-0.43855843,-0.38549444,105,129.47951666666663,71.58258833333333,2023-08-17 01:40:16+00:00
109.67981666666668,73.84917,0.0,2021-09-21 00:00:00+00:00,0.1,273419310-2021-06-07T06:44:42.000000Z-1,0.50576,73.75,109.75,2021-09-21,10.767898,10.767898,12.425402,0.0032685772,0.0039803493,0.0,0.00017875507,0.036418516,0.0,15.365099,15.328251,11.569891,-0.31337976,-0.5230278,4.229446,-0.016130874,-0.027375987,-0.02141441,0.0125231445,-0.0047017406,-0.036369793,-1.8740834,-0.32414103,-0.24849772,106,129.47951666666663,71.58258833333333,2023-08-17 01:40:16+00:00
109.68048166666668,73.84890166666666,0.0,2021-09-22 01:21:34+00:00,0.0,273419310-2021-06-07T06:44:42.000000Z-1,0.50576,73.75,109.75,2021-09-22,10.767898,10.833285,12.482069,0.00753443,0.00030366602,0.0,0.0006327966,0.0023326208,0.0,15.260377,15.348534,11.608109,-0.46784544,-0.43277338,4.121399,-0.017268484,-0.03950061,-0.033485785,-0.0030237576,-0.022462253,-0.040609315,-1.8607341,-0.28088596,-0.21179809,107,129.47951666666663,71.58258833333333,2023-08-17 01:40:16+00:00
109.67918,73.84888166666667,165.6,2021-09-23 00:19:10+00:00,0.3,273419310-2021-06-07T06:44:42.000000Z-1,0.50576,73.75,109.75,2021-09-23,10.767898,11.605444,12.376246,0.017915498,0.0,0.0,0.0025350866,0.0,0.0,15.083199,15.363705,11.653888,-0.5669791,-0.41448578,3.9562798,0.01812509,-0.023296248,-0.025006527,-0.012379602,-0.009676907,-0.020895936,-1.8682007,-0.27315676,-0.19160283,108,129.47951666666663,71.58258833333333,2023-08-17 01:40:16+00:00
109.68092833333333,73.84853166666667,0.0,2021-09-24 00:34:03+00:00,0.0,273419310-2021-06-07T06:44:42.000000Z-1,0.50576,73.75,109.75,2021-09-24,10.767898,10.767898,11.449985,0.06918512,0.0,0.0,0.009811536,0.0,0.0,15.15486,15.284725,11.6110525,-0.54918814,-0.49821478,3.8150218,0.04526991,0.039012507,0.031368483,-0.060532235,-0.033524886,-0.039108817,-1.8049121,-0.27813822,-0.17408901,109,129.47951666666663,71.58258833333333,2023-08-17 01:40:16+00:00
109.24826666666668,74.05258333333333,0.0,2021-09-25 00:29:09+00:00,0.1,273419310-2021-06-07T06:44:42.000000Z-1,0.50576,74.0,109.25,2021-09-25,10.767898,10.767898,10.767898,0.008344049,0.0,0.0,0.0005494394,0.0,0.0,15.7228155,15.783356,11.872249,-0.35136116,-0.7636907,3.7931395,0.08215176,0.0557368,0.08326121,-0.02378149,-0.058136635,-0.043949675,-1.7551224,-0.20640807,-0.06997468,110,129.47951666666663,71.58258833333333,2023-08-17 01:40:16+00:00
109.33397,74.057355,0.0,2021-09-26 00:28:48+00:00,0.1,273419310-2021-06-07T06:44:42.000000Z-1,0.50576,74.0,109.25,2021-09-26,10.767898,10.767898,10.767898,0.0,0.0,0.0,0.0,0.0,0.0,16.010643,15.9925585,12.203783,-0.22607353,-0.6013828,3.7036266,0.06358128,0.029847087,0.050828848,-0.0017173653,-0.05152941,-0.08418712,-1.676106,-0.12851082,0.01809949,111,129.47951666666663,71.58258833333333,2023-08-17 01:40:16+00:00
104.50052666666669,72.614055,239.9,2021-09-27 00:00:23+00:00,7.2,273419310-2021-06-07T06:44:42.000000Z-1,0.50576,72.5,104.5,2021-09-27,,,,,,,,,,,,,,,,,,,,,,,,,112,129.47951666666663,71.58258833333333,2023-08-17 01:40:16+00:00
102.675545,72.12013833333333,15.9,2021-09-28 00:17:42+00:00,7.9,273419310-2021-06-07T06:44:42.000000Z-1,0.50576,72.0,102.75,2021-09-28,,,,,,,,,,,,,,,,,,,,,,,,,113,129.47951666666663,71.58258833333333,2023-08-17 01:40:16+00:00
108.6167266667,73.7709166667,359.1000061035,2021-09-29 00:08:20+00:00,4.4000000954,273419310-2021-06-07T06:44:42.000000Z-1,0.50576,73.75,108.5,2021-09-29,10.767898,10.767898,10.767898,0.088847294,0.015031795,0.0,0.020970305,0.23791699,0.0,15.488266,14.298653,10.179085,-0.8327459,-0.86706245,2.841375,0.068196155,0.055943117,0.062277496,0.043815162,0.013205127,0.027453039,-1.7816684,-0.262578,-0.13207671,114,129.47951666666663,71.58258833333333,2023-08-17 01:40:16+00:00
108.616605,73.80211666666666,0.0,2021-09-30 00:16:21+00:00,0.1,273419310-2021-06-07T06:44:42.000000Z-1,0.50576,73.75,108.5,2021-09-30,10.767898,10.767898,10.767898,0.12013014,0.023582298,0.0,0.027797783,0.39029202,0.0,15.413325,14.197686,10.115402,-0.93607634,-0.79562896,2.5581856,0.04677041,0.036795057,0.048727542,0.033253115,-0.0026785824,0.019066304,-1.816639,-0.31624827,-0.18917932,115,129.47951666666663,71.58258833333333,2023-08-17 01:40:16+00:00
108.61496833333334,73.801065,0.0,2021-10-01 00:07:12+00:00,0.0,273419310-2021-06-07T06:44:42.000000Z-1,0.50576,73.75,108.5,2021-10-01,10.767898,10.767898,10.767898,0.14393961,0.033588044,0.0,0.03344302,0.42810127,0.0,15.426654,14.156937,10.055072,-0.893976,-0.73979306,2.2876527,0.008695617,-0.0060992986,0.016094875,0.00051987264,-0.027283883,-0.010650532,-1.8046896,-0.3261151,-0.24451607,116,129.47951666666663,71.58258833333333,2023-08-17 01:40:16+00:00
108.562,73.70957333333334,192.2,2021-10-02 00:33:12+00:00,7.4,273419310-2021-06-07T06:44:42.000000Z-1,0.50576,73.75,108.5,2021-10-02,10.767898,10.767898,10.767898,0.15531191,0.04812006,0.0,0.03775212,0.49504945,0.0,15.49084,14.268145,10.070036,-0.8706991,-0.6845765,1.9835596,0.0071599535,-0.016281277,0.0056523825,-0.00011798919,-0.030291293,-0.017297799,-1.7570273,-0.26025158,-0.1719094,117,129.47951666666663,71.58258833333333,2023-08-17 01:40:16+00:00
102.657925,72.07596833333334,192.1,2021-10-03 00:06:03+00:00,5.2,273419310-2021-06-07T06:44:42.000000Z-1,0.50576,72.0,102.75,2021-10-03,,,,,,,,,,,,,,,,,,,,,,,,,118,129.47951666666663,71.58258833333333,2023-08-17 01:40:16+00:00
106.496955,73.248935,42.4,2021-10-04 00:13:05+00:00,8.5,273419310-2021-06-07T06:44:42.000000Z-1,0.50576,73.25,106.5,2021-10-04,11.999999,12.0,12.0,0.15366942,0.03436879,0.0053733746,0.03951338,0.5613855,0.06954043,15.145402,12.832,9.113481,-0.8574121,-1.1110001,1.0580608,0.0016998156,0.038647093,0.036269076,0.006960405,-0.04842971,-0.028163249,-1.8347411,-0.45721683,-0.40897238,119,129.47951666666663,71.58258833333333,2023-08-17 01:40:16+00:00
108.611775,73.80174,0.0,2021-10-05 00:36:25+00:00,0.1,273419310-2021-06-07T06:44:42.000000Z-1,0.50576,73.75,108.5,2021-10-05,10.767898,10.767898,10.767898,0.16709302,0.06552945,0.0,0.044741362,0.5883992,0.0,15.606734,14.62446,10.371019,-0.87626785,-0.46022984,1.2152717,0.012987148,-0.039731815,-0.005609366,0.004792274,-0.025043372,-0.0054537854,-1.702139,-0.1640697,-0.04839696,120,129.47951666666663,71.58258833333333,2023-08-17 01:40:16+00:00
108.60637166666666,73.80145166666667,0.0,2021-10-06 00:04:06+00:00,0.0,273419310-2021-06-07T06:44:42.000000Z-1,0.50576,73.75,108.5,2021-10-06,10.767898,10.767898,10.767898,0.22105826,0.12230497,0.001357024,0.05912493,0.56880015,0.006907293,15.624497,14.557865,10.405435,-0.8790087,-0.5573595,0.96330035,0.0112915505,-0.039105784,-0.0098492475,0.015477792,0.027466096,0.037702773,-1.7504352,-0.22466774,-0.12643856,121,129.47951666666663,71.58258833333333,2023-08-17 01:40:16+00:00
104.6893,72.66492666666667,200.1,2021-10-07 00:00:47+00:00,6.7,273419310-2021-06-07T06:44:42.000000Z-1,0.50576,72.75,104.75,2021-10-07,,,,,,,,,,,,,,,,,,,,,,,,,122,129.47951666666663,71.58258833333333,2023-08-17 01:40:16+00:00
102.46769833333332,71.99020166666666,0.0,2021-10-08 00:45:59+00:00,0.0,273419310-2021-06-07T06:44:42.000000Z-1,0.50576,72.0,102.5,2021-10-08,,,,,,,,,,,,,,,,,,,,,,,,,123,129.47951666666663,71.58258833333333,2023-08-17 01:40:16+00:00
102.46919333333334,71.98490166666667,0.0,2022-08-18 06:36:26+00:00,0.0,273419310-2022-08-18T06:36:26.000000Z-1,0.50576,72.0,102.5,2022-08-18,,,,,,,,,,,,,,,,,,,,,,,,,124,129.47951666666663,71.58258833333333,2023-08-17 01:40:16+00:00
102.81527833333334,72.16293333333333,50.3,2022-08-19 00:02:08+00:00,7.4,273419310-2022-08-18T06:36:26.000000Z-1,0.50576,72.25,102.75,2022-08-19,,,,,,,,,,,,,,,,,,,,,,,,,125,129.47951666666663,71.58258833333333,2023-08-17 01:40:16+00:00
108.54970333333333,73.58252166666666,44.5,2022-08-20 00:12:21+00:00,7.6,273419310-2022-08-18T06:36:26.000000Z-1,0.50576,73.5,108.5,2022-08-20,10.767898,11.101146,12.0,0.0,0.0,0.0,0.0,0.0,0.0,13.051581,14.209692,10.609633,8.244519,9.660491,8.199041,0.0075060576,0.0083664125,0.0014864817,-0.022815432,-0.027920373,-0.005301796,-1.8912835,-0.29248783,-0.21303861,126,129.47951666666663,71.58258833333333,2023-08-17 01:40:16+00:00
109.618675,73.683485,0.0,2022-08-21 01:12:11+00:00,0.0,273419310-2022-08-18T06:36:26.000000Z-1,0.50576,73.75,109.5,2022-08-21,10.767898,10.767898,11.349545,0.0,0.0,0.0,0.0,0.0,0.0,14.09793,15.434873,11.9755745,8.528341,8.731426,8.447035,0.013455357,0.01872777,0.014922557,-0.012904735,0.0054871263,0.0005112206,-1.8311477,-0.23843417,-0.13356479,127,129.47951666666663,71.58258833333333,2023-08-17 01:40:16+00:00
109.497845,73.70083833333334,0.0,2022-08-22 00:16:34+00:00,0.0,273419310-2022-08-18T06:36:26.000000Z-1,0.50576,73.75,109.5,2022-08-22,10.767898,10.767898,11.301074,0.0,0.0,0.0,0.0,0.0,0.0,14.082268,15.35533,11.909978,8.419324,8.807145,8.524761,0.024237407,0.04592315,0.030788809,-0.0082717445,-0.0012618559,0.002727085,-1.8725076,-0.2830606,-0.17860934,128,129.47951666666663,71.58258833333333,2023-08-17 01:40:16+00:00
109.49788,73.70078,0.0,2022-08-23 00:10:33+00:00,0.0,273419310-2022-08-18T06:36:26.000000Z-1,0.50576,73.75,109.5,2022-08-23,10.767898,10.767898,11.066799,0.0,0.0,0.0,0.0,0.0,0.0,14.048261,15.302911,11.879051,8.283444,8.768688,8.460167,0.009531366,0.01153327,-0.0019900599,-0.03979606,-0.02819733,-0.01673081,-1.8198786,-0.21486944,-0.10403243,129,129.47951666666663,71.58258833333333,2023-08-17 01:40:16+00:00
109.49899333333332,73.69892666666667,0.0,2022-08-24 00:09:05+00:00,0.1,273419310-2022-08-18T06:36:26.000000Z-1,0.50576,73.75,109.5,2022-08-24,10.767898,10.767898,11.349545,0.0,0.0,0.0,0.0,0.0,0.0,14.025271,15.271457,11.795277,8.146027,8.739366,8.318562,0.030071402,0.032420643,0.02059807,0.04720449,0.059275366,0.047231015,-1.9378389,-0.32935822,-0.21920006,130,129.47951666666663,71.58258833333333,2023-08-17 01:40:16+00:00
109.49640666666669,73.700005,0.0,2022-08-25 00:08:16+00:00,0.0,273419310-2022-08-18T06:36:26.000000Z-1,0.50576,73.75,109.5,2022-08-25,10.767898,10.767898,12.106762,0.0,0.0,0.0,0.0,0.0,0.0,13.959207,15.233785,11.786691,7.9850907,8.66707,8.151744,-0.00027934235,0.0012108305,-0.009226625,-0.03184268,-0.043553974,-0.04130724,-1.9478426,-0.36261463,-0.27132455,131,129.47951666666663,71.58258833333333,2023-08-17 01:40:16+00:00
109.49802166666667,73.69893166666667,0.0,2022-08-26 00:09:03+00:00,0.0,273419310-2022-08-18T06:36:26.000000Z-1,0.50576,73.75,109.5,2022-08-26,10.767898,10.876956,11.529662,0.0,0.0,0.0,0.0,0.0,0.0,14.050022,15.287228,11.851343,7.713196,8.499917,7.888927,-0.03984092,-0.04164483,-0.02039744,-0.038244262,-0.067992635,-0.056134466,-1.6867564,-0.08871034,0.03248059,132,129.47951666666663,71.58258833333333,2023-08-17 01:40:16+00:00
109.64581333333334,73.67192,321.3,2022-08-27 00:46:48+00:00,0.1,273419310-2022-08-18T06:36:26.000000Z-1,0.50576,73.75,109.75,2022-08-27,10.767898,11.449985,12.2659855,0.0,0.0,0.0,0.0,0.0,0.0,14.111379,15.452188,11.940878,7.315607,8.04906,7.501079,-0.01287689,-0.03819073,-0.018886732,0.033842616,0.007150228,0.047780372,-1.8248816,-0.047403146,0.09093386,133,129.47951666666663,71.58258833333333,2023-08-17 01:40:16+00:00
109.64406666666666,73.67236,0.0,2022-08-28 00:06:38+00:00,0.1,273419310-2022-08-18T06:36:26.000000Z-1,0.50576,73.75,109.75,2022-08-28,10.767898,10.853158,12.073319,0.0,0.0,0.0,0.0,0.0,0.0,13.884847,15.353534,11.808297,7.089185,7.900916,7.36163,0.015165175,0.02587673,0.01327199,0.044179086,0.031188956,0.008942254,-2.0243223,-0.4671721,-0.38537553,134,129.47951666666663,71.58258833333333,2023-08-17 01:40:16+00:00
109.64389666666666,73.67557166666667,0.0,2022-08-29 02:45:10+00:00,0.0,273419310-2022-08-18T06:36:26.000000Z-1,0.50576,73.75,109.75,2022-08-29,10.767898,11.125993,11.869319,0.0,0.0,0.0,0.0,0.0,0.0,13.977406,15.368125,11.854495,6.980726,7.723134,7.0444684,-0.040152792,-0.047762174,-0.017364409,0.026138395,-0.025903173,-0.038215715,-1.9065078,-0.30817485,-0.23514424,135,129.47951666666663,71.58258833333333,2023-08-17 01:40:16+00:00
109.64400166666668,73.67569833333333,0.0,2022-08-30 07:52:05+00:00,0.0,273419310-2022-08-18T06:36:26.000000Z-1,0.50576,73.75,109.75,2022-08-30,10.767898,10.853158,12.005319,0.0,0.0,0.0,0.0,0.0,0.0,14.085588,15.30474,11.820491,6.987341,7.668051,6.8044343,-0.027392514,-0.020035006,-0.0033219582,0.029246915,0.03242258,0.016646236,-1.9440266,-0.358821,-0.31357294,136,129.47951666666663,71.58258833333333,2023-08-17 01:40:16+00:00
109.64597833333332,73.67469666666666,0.0,2022-08-31 00:40:07+00:00,0.0,273419310-2022-08-18T06:36:26.000000Z-1,0.50576,73.75,109.75,2022-08-31,10.767898,11.671308,12.333931,0.0,0.0,0.0,0.0,0.0,0.0,14.288769,15.317219,11.853051,6.582938,7.493909,6.3960767,-0.05677429,-0.044072542,-0.017236251,-0.0038285498,-0.02392327,-0.027324148,-1.893787,-0.26387805,-0.20633808,137,129.47951666666663,71.58258833333333,2023-08-17 01:40:16+00:00
109.64602166666668,73.674645,0.0,2022-09-01 00:55:31+00:00,0.1,273419310-2022-08-18T06:36:26.000000Z-1,0.50576,73.75,109.75,2022-09-01,10.767898,12.493402,12.493402,0.0,0.0,0.0,0.0,0.0,0.0,14.584769,15.326633,11.908885,6.0499253,7.1762686,5.99085,-0.05950677,-0.052841507,-0.03228892,-0.012726176,-0.020592129,-0.013341065,-1.8558459,-0.19266097,-0.1202758,138,129.47951666666663,71.58258833333333,2023-08-17 01:40:16+00:00
109.64519166666666,73.6746,0.0,2022-09-02 00:34:10+00:00,0.2,273419310-2022-08-18T06:36:26.000000Z-1,0.50576,73.75,109.75,2022-09-02,10.767898,12.493402,12.493402,0.0,0.0,0.0,0.0,0.0,0.0,14.805146,15.336806,11.98394,5.6529765,6.8067293,5.779242,-0.020462118,-0.04129217,-0.027921123,-0.0070276153,-0.027558593,-0.0011259322,-1.8577532,-0.21465848,-0.13878047,139,129.47951666666663,71.58258833333333,2023-08-17 01:40:16+00:00
109.500415,73.71697666666667,0.0,2022-09-03 00:18:51+00:00,0.0,273419310-2022-08-18T06:36:26.000000Z-1,0.50576,73.75,109.5,2022-09-03,10.79698,13.531881,13.360451,0.0,0.0,0.0,0.0,0.0,0.0,14.587443,15.206867,11.670682,5.495721,6.7469034,5.7201333,0.03668138,0.036651216,0.044004332,-0.0070468266,-0.017497426,-0.01603973,-1.8401347,-0.24970269,-0.16811937,140,129.47951666666663,71.58258833333333,2023-08-17 01:40:16+00:00
107.620665,73.25802666666667,232.1,2022-09-04 00:03:26+00:00,4.2,273419310-2022-08-18T06:36:26.000000Z-1,0.50576,73.25,107.5,2022-09-04,11.999999,11.814624,11.811081,0.0,0.0,0.0,0.0,0.0,0.0,12.932119,12.6202545,9.267672,6.3842034,6.512032,6.8898287,0.00035376148,0.0067534973,-0.0067545054,0.005149497,0.00408988,-0.0030680462,-2.0181592,-0.4414969,-0.4123349,141,129.47951666666663,71.58258833333333,2023-08-17 01:40:16+00:00
102.918025,72.20239,232.0,2022-09-05 00:00:09+00:00,4.8,273419310-2022-08-18T06:36:26.000000Z-1,0.50576,72.25,103.0,2022-09-05,,,,,,,,,,,,,,,,,,,,,,,,,142,129.47951666666663,71.58258833333333,2023-08-17 01:40:16+00:00
102.47288,71.9861,0.0,2022-09-06 01:01:00+00:00,0.0,273419310-2022-08-18T06:36:26.000000Z-1,0.50576,72.0,102.5,2022-09-06,,,,,,,,,,,,,,,,,,,,,,,,,143,129.47951666666663,71.58258833333333,2023-08-17 01:40:16+00:00
102.47586666666666,71.98714,0.0,2022-09-07 00:05:11+00:00,0.0,273419310-2022-08-18T06:36:26.000000Z-1,0.50576,72.0,102.5,2022-09-07,,,,,,,,,,,,,,,,,,,,,,,,,144,129.47951666666663,71.58258833333333,2023-08-17 01:40:16+00:00
102.47582833333334,71.98713833333333,0.0,2022-09-08 00:38:04+00:00,0.0,273419310-2022-08-18T06:36:26.000000Z-1,0.50576,72.0,102.5,2022-09-08,,,,,,,,,,,,,,,,,,,,,,,,,145,129.47951666666663,71.58258833333333,2023-08-17 01:40:16+00:00
102.47582,71.98716666666667,0.0,2022-09-12 08:47:44+00:00,0.0,273419310-2022-09-12T08:47:44.000000Z-1,0.50576,72.0,102.5,2022-09-12,,,,,,,,,,,,,,,,,,,,,,,,,146,129.47951666666663,71.58258833333333,2023-08-17 01:40:16+00:00
102.67232,72.1076,0.0,2022-09-13 01:09:17+00:00,0.0,273419310-2022-09-12T08:47:44.000000Z-1,0.50576,72.0,102.75,2022-09-13,,,,,,,,,,,,,,,,,,,,,,,,,147,129.47951666666663,71.58258833333333,2023-08-17 01:40:16+00:00
106.01644333333331,72.94266833333333,34.8,2022-09-14 00:54:18+00:00,6.4,273419310-2022-09-12T08:47:44.000000Z-1,0.50576,73.0,106.0,2022-09-14,,,,,,,,,,,,,,,,,,,,,,,,,148,129.47951666666663,71.58258833333333,2023-08-17 01:40:16+00:00
109.84136666666669,73.92775,206.0,2022-09-15 00:05:38+00:00,4.0,273419310-2022-09-12T08:47:44.000000Z-1,0.50576,74.0,109.75,2022-09-15,10.767898,10.767898,10.767898,0.0,0.0,0.0,0.0,0.0,0.0,14.303937,15.426303,12.614366,4.668212,4.005952,4.7896695,0.018379012,-0.011442513,-0.0002704085,0.016517997,0.024107322,0.013121289,-1.997231,-0.40623254,-0.34524944,149,129.47951666666663,71.58258833333333,2023-08-17 01:40:16+00:00
108.99058833333332,73.556445,189.8,2022-09-16 00:24:06+00:00,5.0,273419310-2022-09-12T08:47:44.000000Z-1,0.50576,73.5,109.0,2022-09-16,11.108203,10.964704,11.572295,0.0,0.0,0.0,0.0,0.0,0.0,13.443289,13.53152,10.128069,4.9671803,4.563534,5.0455203,-0.0345282,-0.016941208,-0.010872636,-0.021372154,-0.008255555,-0.011168351,-1.9994473,-0.3904502,-0.3527895,150,129.47951666666663,71.58258833333333,2023-08-17 01:40:16+00:00
104.80394,72.72107,191.0,2022-09-17 00:07:27+00:00,4.3,273419310-2022-09-12T08:47:44.000000Z-1,0.50576,72.75,104.75,2022-09-17,,,,,,,,,,,,,,,,,,,,,,,,,151,129.47951666666663,71.58258833333333,2023-08-17 01:40:16+00:00
102.47235833333332,71.98616333333334,0.0,2022-09-18 00:03:59+00:00,0.0,273419310-2022-09-12T08:47:44.000000Z-1,0.50576,72.0,102.5,2022-09-18,,,,,,,,,,,,,,,,,,,,,,,,,152,129.47951666666663,71.58258833333333,2023-08-17 01:40:16+00:00
102.47229833333331,71.98614833333333,0.0,2022-09-19 00:06:11+00:00,0.0,273419310-2022-09-12T08:47:44.000000Z-1,0.50576,72.0,102.5,2022-09-19,,,,,,,,,,,,,,,,,,,,,,,,,153,129.47951666666663,71.58258833333333,2023-08-17 01:40:16+00:00
102.47578833333333,71.98713333333333,0.0,2022-09-20 01:00:20+00:00,0.0,273419310-2022-09-12T08:47:44.000000Z-1,0.50576,72.0,102.5,2022-09-20,,,,,,,,,,,,,,,,,,,,,,,,,154,129.47951666666663,71.58258833333333,2023-08-17 01:40:16+00:00
102.475745,71.98713,0.0,2022-09-21 00:38:12+00:00,0.0,273419310-2022-09-12T08:47:44.000000Z-1,0.50576,72.0,102.5,2022-09-21,,,,,,,,,,,,,,,,,,,,,,,,,155,129.47951666666663,71.58258833333333,2023-08-17 01:40:16+00:00
102.44174333333332,71.98493333333333,354.3,2022-09-22 00:34:10+00:00,0.1,273419310-2022-09-12T08:47:44.000000Z-1,0.50576,72.0,102.5,2022-09-22,,,,,,,,,,,,,,,,,,,,,,,,,156,129.47951666666663,71.58258833333333,2023-08-17 01:40:16+00:00
102.44167333333333,71.984015,0.0,2022-09-23 01:00:13+00:00,0.1,273419310-2022-09-12T08:47:44.000000Z-1,0.50576,72.0,102.5,2022-09-23,,,,,,,,,,,,,,,,,,,,,,,,,157,129.47951666666663,71.58258833333333,2023-08-17 01:40:16+00:00
102.44150166666668,71.98405833333334,0.0,2022-09-24 00:44:13+00:00,0.0,273419310-2022-09-12T08:47:44.000000Z-1,0.50576,72.0,102.5,2022-09-24,,,,,,,,,,,,,,,,,,,,,,,,,158,129.47951666666663,71.58258833333333,2023-08-17 01:40:16+00:00
102.44163166666668,71.98407166666667,0.0,2022-09-25 00:59:01+00:00,0.0,273419310-2022-09-12T08:47:44.000000Z-1,0.50576,72.0,102.5,2022-09-25,,,,,,,,,,,,,,,,,,,,,,,,,159,129.47951666666663,71.58258833333333,2023-08-17 01:40:16+00:00
102.44229833333333,71.983785,0.0,2022-09-26 00:46:00+00:00,0.1,273419310-2022-09-12T08:47:44.000000Z-1,0.50576,72.0,102.5,2022-09-26,,,,,,,,,,,,,,,,,,,,,,,,,160,129.47951666666663,71.58258833333333,2023-08-17 01:40:16+00:00
102.44209166666668,71.98379166666666,0.0,2022-09-27 00:20:03+00:00,0.1,273419310-2022-09-12T08:47:44.000000Z-1,0.50576,72.0,102.5,2022-09-27,,,,,,,,,,,,,,,,,,,,,,,,,161,129.47951666666663,71.58258833333333,2023-08-17 01:40:16+00:00
102.44212166666668,71.984015,0.0,2022-09-28 00:43:38+00:00,0.0,273419310-2022-09-12T08:47:44.000000Z-1,0.50576,72.0,102.5,2022-09-28,,,,,,,,,,,,,,,,,,,,,,,,,162,129.47951666666663,71.58258833333333,2023-08-17 01:40:16+00:00
102.443025,71.98413333333333,0.0,2022-09-29 00:29:25+00:00,0.0,273419310-2022-09-12T08:47:44.000000Z-1,0.50576,72.0,102.5,2022-09-29,,,,,,,,,,,,,,,,,,,,,,,,,163,129.47951666666663,71.58258833333333,2023-08-17 01:40:16+00:00
102.44282666666666,71.98386833333333,0.0,2022-09-30 00:14:04+00:00,0.0,273419310-2022-09-12T08:47:44.000000Z-1,0.50576,72.0,102.5,2022-09-30,,,,,,,,,,,,,,,,,,,,,,,,,164,129.47951666666663,71.58258833333333,2023-08-17 01:40:16+00:00
102.47615,71.98711333333334,0.0,2022-10-01 00:51:36+00:00,0.0,273419310-2022-09-12T08:47:44.000000Z-1,0.50576,72.0,102.5,2022-10-01,,,,,,,,,,,,,,,,,,,,,,,,,165,129.47951666666663,71.58258833333333,2023-08-17 01:40:16+00:00
102.47609166666666,71.98711666666667,0.0,2022-10-02 00:23:25+00:00,0.0,273419310-2022-09-12T08:47:44.000000Z-1,0.50576,72.0,102.5,2022-10-02,,,,,,,,,,,,,,,,,,,,,,,,,166,129.47951666666663,71.58258833333333,2023-08-17 01:40:16+00:00
102.476115,71.98712666666667,0.0,2022-10-03 01:01:50+00:00,0.0,273419310-2022-09-12T08:47:44.000000Z-1,0.50576,72.0,102.5,2022-10-03,,,,,,,,,,,,,,,,,,,,,,,,,167,129.47951666666663,71.58258833333333,2023-08-17 01:40:16+00:00
102.47610166666666,71.98712833333333,0.0,2022-10-04 00:28:04+00:00,0.0,273419310-2022-09-12T08:47:44.000000Z-1,0.50576,72.0,102.5,2022-10-04,,,,,,,,,,,,,,,,,,,,,,,,,168,129.47951666666663,71.58258833333333,2023-08-17 01:40:16+00:00
102.47608,71.98712166666667,0.0,2022-10-05 00:07:04+00:00,0.0,273419310-2022-09-12T08:47:44.000000Z-1,0.50576,72.0,102.5,2022-10-05,,,,,,,,,,,,,,,,,,,,,,,,,169,129.47951666666663,71.58258833333333,2023-08-17 01:40:16+00:00
102.47612833333334,71.98711833333333,0.0,2022-10-06 00:09:41+00:00,0.0,273419310-2022-09-12T08:47:44.000000Z-1,0.50576,72.0,102.5,2022-10-06,,,,,,,,,,,,,,,,,,,,,,,,,170,129.47951666666663,71.58258833333333,2023-08-17 01:40:16+00:00
102.46878,71.99193833333334,0.0,2023-06-28 10:09:33+00:00,0.0,273419310-2023-06-28T10:09:33.000000Z-1,0.50576,72.0,102.5,2023-06-28,,,,,,,,,,,,,,,,,,,,,,,,,171,129.47951666666663,71.58258833333333,2023-08-17 01:40:16+00:00
102.46940333333332,71.99168833333333,0.0,2023-06-29 00:38:21+00:00,0.0,273419310-2023-06-28T10:09:33.000000Z-1,0.50576,72.0,102.5,2023-06-29,,,,,,,,,,,,,,,,,,,,,,,,,172,129.47951666666663,71.58258833333333,2023-08-17 01:40:16+00:00
102.46907666666668,71.99184,0.0,2023-06-30 00:23:37+00:00,0.0,273419310-2023-06-28T10:09:33.000000Z-1,0.50576,72.0,102.5,2023-06-30,,,,,,,,,,,,,,,,,,,,,,,,,173,129.47951666666663,71.58258833333333,2023-08-17 01:40:16+00:00
102.46885166666668,71.99193666666666,0.0,2023-07-01 00:09:21+00:00,0.1000000014901161,273419310-2023-06-28T10:09:33.000000Z-1,0.50576,72.0,102.5,2023-07-01,,,,,,,,,,,,,,,,,,,,,,,,,174,129.47951666666663,71.58258833333333,2023-08-17 01:40:16+00:00
102.44662166666669,71.98529666666667,0.0,2023-07-02 01:02:02+00:00,0.0,273419310-2023-06-28T10:09:33.000000Z-1,0.50576,72.0,102.5,2023-07-02,,,,,,,,,,,,,,,,,,,,,,,,,175,129.47951666666663,71.58258833333333,2023-08-17 01:40:16+00:00
102.44723333333332,71.98500333333334,0.0,2023-07-03 00:54:06+00:00,0.0,273419310-2023-06-28T10:09:33.000000Z-1,0.50576,72.0,102.5,2023-07-03,,,,,,,,,,,,,,,,,,,,,,,,,176,129.47951666666663,71.58258833333333,2023-08-17 01:40:16+00:00
102.44737666666668,71.98496166666666,0.0,2023-07-04 00:34:03+00:00,0.0,273419310-2023-06-28T10:09:33.000000Z-1,0.50576,72.0,102.5,2023-07-04,,,,,,,,,,,,,,,,,,,,,,,,,177,129.47951666666663,71.58258833333333,2023-08-17 01:40:16+00:00
102.44712,71.984985,342.79998779296875,2023-07-05 03:59:39+00:00,0.0,273419310-2023-06-28T10:09:33.000000Z-1,0.50576,72.0,102.5,2023-07-05,,,,,,,,,,,,,,,,,,,,,,,,,178,129.47951666666663,71.58258833333333,2023-08-17 01:40:16+00:00
102.44662666666666,71.98515166666667,170.60000610351562,2023-07-06 01:08:14+00:00,0.1000000014901161,273419310-2023-06-28T10:09:33.000000Z-1,0.50576,72.0,102.5,2023-07-06,,,,,,,,,,,,,,,,,,,,,,,,,179,129.47951666666663,71.58258833333333,2023-08-17 01:40:16+00:00
102.44707833333334,71.98496833333333,299.5,2023-07-07 00:59:05+00:00,0.1000000014901161,273419310-2023-06-28T10:09:33.000000Z-1,0.50576,72.0,102.5,2023-07-07,,,,,,,,,,,,,,,,,,,,,,,,,180,129.47951666666663,71.58258833333333,2023-08-17 01:40:16+00:00
102.44661166666668,71.98509166666666,57.400001525878906,2023-07-08 00:36:09+00:00,0.0,273419310-2023-06-28T10:09:33.000000Z-1,0.50576,72.0,102.5,2023-07-08,,,,,,,,,,,,,,,,,,,,,,,,,181,129.47951666666663,71.58258833333333,2023-08-17 01:40:16+00:00
102.44616166666668,71.9851,61.400001525878906,2023-07-09 00:18:04+00:00,0.0,273419310-2023-06-28T10:09:33.000000Z-1,0.50576,72.0,102.5,2023-07-09,,,,,,,,,,,,,,,,,,,,,,,,,182,129.47951666666663,71.58258833333333,2023-08-17 01:40:16+00:00
102.446655,71.98506333333333,154.60000610351562,2023-07-10 00:02:17+00:00,0.1000000014901161,273419310-2023-06-28T10:09:33.000000Z-1,0.50576,72.0,102.5,2023-07-10,,,,,,,,,,,,,,,,,,,,,,,,,183,129.47951666666663,71.58258833333333,2023-08-17 01:40:16+00:00
102.4465,71.98510166666667,291.29998779296875,2023-07-11 00:42:53+00:00,0.1000000014901161,273419310-2023-06-28T10:09:33.000000Z-1,0.50576,72.0,102.5,2023-07-11,,,,,,,,,,,,,,,,,,,,,,,,,184,129.47951666666663,71.58258833333333,2023-08-17 01:40:16+00:00
102.44685333333334,71.98505,296.3999938964844,2023-07-12 00:01:29+00:00,0.1000000014901161,273419310-2023-06-28T10:09:33.000000Z-1,0.50576,72.0,102.5,2023-07-12,,,,,,,,,,,,,,,,,,,,,,,,,185,129.47951666666663,71.58258833333333,2023-08-17 01:40:16+00:00
102.44607833333332,71.98517833333334,64.69999694824219,2023-07-13 00:56:40+00:00,0.0,273419310-2023-06-28T10:09:33.000000Z-1,0.50576,72.0,102.5,2023-07-13,,,,,,,,,,,,,,,,,,,,,,,,,186,129.47951666666663,71.58258833333333,2023-08-17 01:40:16+00:00
102.44665333333332,71.98510166666667,204.6999969482422,2023-07-14 00:17:29+00:00,0.0,273419310-2023-06-28T10:09:33.000000Z-1,0.50576,72.0,102.5,2023-07-14,,,,,,,,,,,,,,,,,,,,,,,,,187,129.47951666666663,71.58258833333333,2023-08-17 01:40:16+00:00
102.44694166666666,71.98504333333334,318.1000061035156,2023-07-15 01:02:25+00:00,0.0,273419310-2023-06-28T10:09:33.000000Z-1,0.50576,72.0,102.5,2023-07-15,,,,,,,,,,,,,,,,,,,,,,,,,188,129.47951666666663,71.58258833333333,2023-08-17 01:40:16+00:00
102.445905,71.98521333333333,101.0,2023-07-16 01:04:04+00:00,0.0,273419310-2023-06-28T10:09:33.000000Z-1,0.50576,72.0,102.5,2023-07-16,,,,,,,,,,,,,,,,,,,,,,,,,189,129.47951666666663,71.58258833333333,2023-08-17 01:40:16+00:00
102.44613,71.98521833333334,223.3999938964844,2023-07-17 00:57:09+00:00,0.0,273419310-2023-06-28T10:09:33.000000Z-1,0.50576,72.0,102.5,2023-07-17,,,,,,,,,,,,,,,,,,,,,,,,,190,129.47951666666663,71.58258833333333,2023-08-17 01:40:16+00:00
102.44636666666666,71.98515166666667,57.0,2023-07-18 00:05:45+00:00,0.1000000014901161,273419310-2023-06-28T10:09:33.000000Z-1,0.50576,72.0,102.5,2023-07-18,,,,,,,,,,,,,,,,,,,,,,,,,191,129.47951666666663,71.58258833333333,2023-08-17 01:40:16+00:00
102.44653833333334,71.98511666666667,243.6999969482422,2023-07-19 00:44:00+00:00,0.0,273419310-2023-06-28T10:09:33.000000Z-1,0.50576,72.0,102.5,2023-07-19,,,,,,,,,,,,,,,,,,,,,,,,,192,129.47951666666663,71.58258833333333,2023-08-17 01:40:16+00:00
102.44700333333331,71.98498833333333,80.69999694824219,2023-07-20 00:10:45+00:00,0.1000000014901161,273419310-2023-06-28T10:09:33.000000Z-1,0.50576,72.0,102.5,2023-07-20,,,,,,,,,,,,,,,,,,,,,,,,,193,129.47951666666663,71.58258833333333,2023-08-17 01:40:16+00:00
102.44694,71.98501166666667,41.900001525878906,2023-07-21 00:09:09+00:00,0.1000000014901161,273419310-2023-06-28T10:09:33.000000Z-1,0.50576,72.0,102.5,2023-07-21,,,,,,,,,,,,,,,,,,,,,,,,,194,129.47951666666663,71.58258833333333,2023-08-17 01:40:16+00:00
102.446845,71.98501333333333,281.0,2023-07-22 00:12:09+00:00,0.1000000014901161,273419310-2023-06-28T10:09:33.000000Z-1,0.50576,72.0,102.5,2023-07-22,,,,,,,,,,,,,,,,,,,,,,,,,195,129.47951666666663,71.58258833333333,2023-08-17 01:40:16+00:00
102.44688,71.98500833333334,9.300000190734863,2023-07-23 00:14:09+00:00,0.0,273419310-2023-06-28T10:09:33.000000Z-1,0.50576,72.0,102.5,2023-07-23,,,,,,,,,,,,,,,,,,,,,,,,,196,129.47951666666663,71.58258833333333,2023-08-17 01:40:16+00:00
102.446965,71.98500833333334,230.3999938964844,2023-07-24 00:11:42+00:00,0.0,273419310-2023-06-28T10:09:33.000000Z-1,0.50576,72.0,102.5,2023-07-24,,,,,,,,,,,,,,,,,,,,,,,,,197,129.47951666666663,71.58258833333333,2023-08-17 01:40:16+00:00
102.44694833333334,71.985015,33.20000076293945,2023-07-25 00:50:05+00:00,0.1000000014901161,273419310-2023-06-28T10:09:33.000000Z-1,0.50576,72.0,102.5,2023-07-25,,,,,,,,,,,,,,,,,,,,,,,,,198,129.47951666666663,71.58258833333333,2023-08-17 01:40:16+00:00
102.44683333333332,71.984995,315.1000061035156,2023-07-26 00:08:54+00:00,0.1000000014901161,273419310-2023-06-28T10:09:33.000000Z-1,0.50576,72.0,102.5,2023-07-26,,,,,,,,,,,,,,,,,,,,,,,,,199,129.47951666666663,71.58258833333333,2023-08-17 01:40:16+00:00
102.44696,71.98501333333333,312.79998779296875,2023-07-27 00:34:23+00:00,0.0,273419310-2023-06-28T10:09:33.000000Z-1,0.50576,72.0,102.5,2023-07-27,,,,,,,,,,,,,,,,,,,,,,,,,200,129.47951666666663,71.58258833333333,2023-08-17 01:40:16+00:00
102.44682833333331,71.98497166666667,94.8000030517578,2023-07-28 00:18:09+00:00,0.1000000014901161,273419310-2023-06-28T10:09:33.000000Z-1,0.50576,72.0,102.5,2023-07-28,,,,,,,,,,,,,,,,,,,,,,,,,201,129.47951666666663,71.58258833333333,2023-08-17 01:40:16+00:00
102.44693166666669,71.985,44.59999847412109,2023-07-29 00:26:05+00:00,0.0,273419310-2023-06-28T10:09:33.000000Z-1,0.50576,72.0,102.5,2023-07-29,,,,,,,,,,,,,,,,,,,,,,,,,202,129.47951666666663,71.58258833333333,2023-08-17 01:40:16+00:00
102.44551333333334,71.98523166666666,319.3999938964844,2023-07-30 01:09:52+00:00,0.1000000014901161,273419310-2023-06-28T10:09:33.000000Z-1,0.50576,72.0,102.5,2023-07-30,,,,,,,,,,,,,,,,,,,,,,,,,203,129.47951666666663,71.58258833333333,2023-08-17 01:40:16+00:00
102.446815,71.98496666666666,162.0,2023-07-31 00:26:00+00:00,0.0,273419310-2023-06-28T10:09:33.000000Z-1,0.50576,72.0,102.5,2023-07-31,,,,,,,,,,,,,,,,,,,,,,,,,204,129.47951666666663,71.58258833333333,2023-08-17 01:40:16+00:00
102.44647333333332,71.98490333333334,316.3999938964844,2023-08-01 01:07:10+00:00,0.0,273419310-2023-06-28T10:09:33.000000Z-1,0.50576,72.0,102.5,2023-08-01,,,,,,,,,,,,,,,,,,,,,,,,,205,129.47951666666663,71.58258833333333,2023-08-17 01:40:16+00:00
102.44671,71.98491833333334,56.59999847412109,2023-08-02 00:08:03+00:00,0.1000000014901161,273419310-2023-06-28T10:09:33.000000Z-1,0.50576,72.0,102.5,2023-08-02,,,,,,,,,,,,,,,,,,,,,,,,,206,129.47951666666663,71.58258833333333,2023-08-17 01:40:16+00:00
102.44728166666668,71.98392833333334,117.5999984741211,2023-08-03 00:01:13+00:00,0.1000000014901161,273419310-2023-06-28T10:09:33.000000Z-1,0.50576,72.0,102.5,2023-08-03,,,,,,,,,,,,,,,,,,,,,,,,,207,129.47951666666663,71.58258833333333,2023-08-17 01:40:16+00:00
102.44732333333332,71.98378666666666,151.5,2023-08-04 00:06:49+00:00,0.0,273419310-2023-06-28T10:09:33.000000Z-1,0.50576,72.0,102.5,2023-08-04,,,,,,,,,,,,,,,,,,,,,,,,,208,129.47951666666663,71.58258833333333,2023-08-17 01:40:16+00:00
102.447335,71.98375333333334,0.0,2023-08-05 00:33:55+00:00,0.0,273419310-2023-06-28T10:09:33.000000Z-1,0.50576,72.0,102.5,2023-08-05,,,,,,,,,,,,,,,,,,,,,,,,,209,129.47951666666663,71.58258833333333,2023-08-17 01:40:16+00:00
102.447025,71.98441833333334,340.0,2023-08-06 00:04:49+00:00,0.0,273419310-2023-06-28T10:09:33.000000Z-1,0.50576,72.0,102.5,2023-08-06,,,,,,,,,,,,,,,,,,,,,,,,,210,129.47951666666663,71.58258833333333,2023-08-17 01:40:16+00:00
102.446925,71.98444333333333,180.6999969482422,2023-08-07 00:26:33+00:00,0.0,273419310-2023-06-28T10:09:33.000000Z-1,0.50576,72.0,102.5,2023-08-07,,,,,,,,,,,,,,,,,,,,,,,,,211,129.47951666666663,71.58258833333333,2023-08-17 01:40:16+00:00
102.446925,71.98473333333334,96.9000015258789,2023-08-08 00:54:34+00:00,0.0,273419310-2023-06-28T10:09:33.000000Z-1,0.50576,72.0,102.5,2023-08-08,,,,,,,,,,,,,,,,,,,,,,,,,212,129.47951666666663,71.58258833333333,2023-08-17 01:40:16+00:00
102.44695166666666,71.984855,80.9000015258789,2023-08-09 00:06:08+00:00,0.1000000014901161,273419310-2023-06-28T10:09:33.000000Z-1,0.50576,72.0,102.5,2023-08-09,,,,,,,,,,,,,,,,,,,,,,,,,213,129.47951666666663,71.58258833333333,2023-08-17 01:40:16+00:00
102.447545,71.98421,208.3999938964844,2023-08-10 00:24:55+00:00,0.1000000014901161,273419310-2023-06-28T10:09:33.000000Z-1,0.50576,72.0,102.5,2023-08-10,,,,,,,,,,,,,,,,,,,,,,,,,214,129.47951666666663,71.58258833333333,2023-08-17 01:40:16+00:00
102.47277833333334,71.98615333333333,232.5,2023-08-11 00:07:02+00:00,0.1000000014901161,273419310-2023-06-28T10:09:33.000000Z-1,0.50576,72.0,102.5,2023-08-11,,,,,,,,,,,,,,,,,,,,,,,,,215,129.47951666666663,71.58258833333333,2023-08-17 01:40:16+00:00
102.47279333333331,71.986145,135.5,2023-08-12 00:14:54+00:00,0.0,273419310-2023-06-28T10:09:33.000000Z-1,0.50576,72.0,102.5,2023-08-12,,,,,,,,,,,,,,,,,,,,,,,,,216,129.47951666666663,71.58258833333333,2023-08-17 01:40:16+00:00
105.43738,72.77210333333333,85.9000015258789,2023-08-13 00:24:38+00:00,7.199999809265137,273419310-2023-06-28T10:09:33.000000Z-1,0.50576,72.75,105.5,2023-08-13,,,,,,,,,,,,,,,,,,,,,,,,,217,129.47951666666663,71.58258833333333,2023-08-17 01:40:16+00:00
111.46802166666669,74.12077166666667,96.5,2023-08-14 01:01:02+00:00,7.400000095367432,273419310-2023-06-28T10:09:33.000000Z-1,0.50576,74.0,111.5,2023-08-14,10.767898,10.767898,10.79907,0.0,0.0,0.0,0.0,0.0,0.0,16.24962,17.768255,16.866457,8.122179,7.6584597,8.014121,0.008364661,0.012185553,0.01656629,0.0018198692,0.004556137,0.007802046,-1.9989752,-0.25811312,-0.18763484,218,129.47951666666663,71.58258833333333,2023-08-17 01:40:16+00:00
119.70366166666666,73.479,135.5,2023-08-15 00:03:06+00:00,7.599999904632568,273419310-2023-06-28T10:09:33.000000Z-1,0.50576,73.5,119.75,2023-08-15,10.767898,10.767898,11.864182,0.0,0.0,0.0,0.0,0.0,0.0,16.104528,19.048967,25.574358,8.939483,8.82508,9.061591,0.03141498,0.016719146,0.05683528,0.018632954,0.021122755,0.019896131,-1.990633,-0.26924536,-0.25709337,219,129.47951666666663,71.58258833333333,2023-08-17 01:40:16+00:00
127.66213,73.731555,101.0999984741211,2023-08-16 01:06:17+00:00,6.300000190734863,273419310-2023-06-28T10:09:33.000000Z-1,0.50576,73.75,127.75,2023-08-16,10.767898,10.767898,10.769859,0.0,0.0,0.0,0.0,0.0,0.0,8.026114,10.1299305,10.693667,10.808647,11.978881,10.9818125,-0.082097866,-0.09335089,-0.074349605,0.038965452,0.036769386,0.01135148,-1.9654753,-0.26240772,-0.21046352,220,129.47951666666663,71.58258833333333,2023-08-17 01:40:16+00:00
129.47951666666663,71.58258833333333,315.29998779296875,2023-08-17 00:03:26+00:00,7.400000095367432,273419310-2023-06-28T10:09:33.000000Z-1,0.50576,71.5,129.5,2023-08-17,10.767898,10.767898,10.767898,0.0,0.0,0.0,0.0,0.0,0.0,8.665203,10.519373,12.1823015,11.920983,11.643315,11.623568,-0.031842146,-0.035832632,-0.019457243,-0.029170189,-0.01275211,0.027791848,-1.9012859,-0.19418372,-0.14759111,221,129.47951666666663,71.58258833333333,2023-08-17 01:40:16+00:00
133.652955,71.83333166666667,154.0,2023-08-18 00:20:37+00:00,7.400000095367432,273419310-2023-06-28T10:09:33.000000Z-1,0.50576,71.75,133.75,2023-08-18,10.767898,10.767898,11.008189,0.0,0.0,0.0,0.0,0.0,0.0,12.008978,15.350086,13.7518425,10.21478,10.23535,9.886751,-0.039833996,-0.05463523,-0.03549846,0.026885206,0.05251626,0.049704537,-1.9167516,-0.20293699,-0.15604705,222,35.00372333333333,64.55914666666666,2023-10-21 10:01:17+00:00
136.79164166666666,71.73107666666667,126.4000015258789,2023-08-19 00:05:45+00:00,0.1000000014901161,273419310-2023-06-28T10:09:33.000000Z-1,0.50576,71.75,136.75,2023-08-19,10.767898,10.786962,10.786696,0.0,0.0,0.0,0.0,0.0,0.0,14.350836,17.272842,14.245919,7.696964,7.9294057,7.650352,-0.04120529,-0.09619346,-0.06654952,0.007834528,0.013019459,0.0054421476,-1.9638592,-0.25144896,-0.19525309,223,35.00372333333333,64.55914666666666,2023-10-21 10:01:17+00:00
136.79119333333333,71.73131833333333,147.3000030517578,2023-08-20 00:02:03+00:00,0.1000000014901161,273419310-2023-06-28T10:09:33.000000Z-1,0.50576,71.75,136.75,2023-08-20,10.767898,10.854208,10.840331,0.0,0.0,0.0,0.0,0.0,0.0,14.288029,17.257061,14.2855835,7.3826685,7.3737383,7.410628,-0.067834675,-0.15274702,-0.11377352,0.0148254745,0.006126898,-0.0020291635,-2.0222018,-0.30758932,-0.24361032,224,35.00372333333333,64.55914666666666,2023-10-21 10:01:17+00:00
136.79142833333333,71.73122333333333,356.1000061035156,2023-08-21 00:42:06+00:00,0.6000000238418579,273419310-2023-06-28T10:09:33.000000Z-1,0.50576,71.75,136.75,2023-08-21,10.774094,11.057555,10.923589,0.0,0.0,0.0,0.0,0.0,0.0,14.256085,17.39065,14.456054,7.140419,6.8042064,7.230553,-0.056182712,-0.10667248,-0.09052346,0.0038774842,-0.009128993,-0.024847219,-2.0399506,-0.33513746,-0.2754726,225,35.00372333333333,64.55914666666666,2023-10-21 10:01:17+00:00
136.79187,71.731,172.60000610351562,2023-08-22 00:44:14+00:00,0.2000000029802322,273419310-2023-06-28T10:09:33.000000Z-1,0.50576,71.75,136.75,2023-08-22,10.898398,10.988285,10.865949,0.0,0.0,0.0,0.0,0.0,0.0,14.279759,17.47737,14.574494,6.731657,6.3346767,7.00485,-0.019329546,-0.02634894,-0.017719703,0.0027205555,0.0012707766,-0.013273992,-2.0368242,-0.33609697,-0.2789383,226,35.00372333333333,64.55914666666666,2023-10-21 10:01:17+00:00
136.70924,71.73281333333334,348.20001220703125,2023-08-23 00:05:36+00:00,0.0,273419310-2023-06-28T10:09:33.000000Z-1,0.50576,71.75,136.75,2023-08-23,10.940667,10.770757,10.820357,0.0,0.0,0.0,0.0,0.0,0.0,14.288176,17.494535,14.592327,6.4172225,6.071695,6.901637,-0.038368117,-0.032137405,-0.023378326,0.0019377853,0.0123110395,0.001376227,-2.0509243,-0.3443828,-0.29145724,227,35.00372333333333,64.55914666666666,2023-10-21 10:01:17+00:00
136.67023833333334,71.68445833333334,166.8000030517578,2023-08-24 00:16:06+00:00,0.1000000014901161,273419310-2023-06-28T10:09:33.000000Z-1,0.50576,71.75,136.75,2023-08-24,10.865781,10.767898,10.914272,0.0,0.0,0.0,0.0,0.0,0.0,14.268118,17.489384,14.586502,6.4811015,6.1079006,6.8037105,-0.04357488,-0.022513462,-0.021453379,0.01662654,0.017015567,0.0036402473,-2.0967178,-0.37453836,-0.3271671,228,35.00372333333333,64.55914666666666,2023-10-21 10:01:17+00:00
136.18576,71.41427666666667,144.39999389648438,2023-08-25 00:39:06+00:00,0.0,273419310-2023-06-28T10:09:33.000000Z-1,0.50576,71.5,136.25,2023-08-25,11.999999,10.767898,11.993084,0.0,0.0,0.0,0.0,0.0,0.0,13.558244,16.393074,13.936878,6.7765474,6.5634036,7.6409407,0.04659015,0.0555557,-0.018145986,0.025438286,0.0062131495,0.021507598,-2.1285565,-0.40006357,-0.3836731,229,35.00372333333333,64.55914666666666,2023-10-21 10:01:17+00:00
136.651235,71.53109333333333,224.8999938964844,2023-08-26 00:03:29+00:00,5.800000190734863,273419310-2023-06-28T10:09:33.000000Z-1,0.50576,71.5,136.75,2023-08-26,11.999999,10.767898,12.0,0.0,0.0,0.0,0.0,0.0,0.0,13.344414,16.366543,13.825436,7.2140384,6.230005,7.8986864,0.04707359,0.055462927,0.04155582,-0.022380633,-0.023776572,-0.014237258,-1.9860598,-0.26498374,-0.2500099,230,35.00372333333333,64.55914666666666,2023-10-21 10:01:17+00:00
136.19131333333334,71.44099833333334,288.29998779296875,2023-08-27 00:32:47+00:00,0.0,273419310-2023-06-28T10:09:33.000000Z-1,0.50576,71.5,136.25,2023-08-27,11.999999,10.767898,12.0,0.0,0.0,0.0,0.0,0.0,0.0,13.272803,16.243261,14.04293,7.0796657,6.4976845,7.630009,-0.038791947,-0.0647264,-0.05837385,0.015533195,0.0153146675,0.024446994,-2.174144,-0.45498148,-0.41671672,231,35.00372333333333,64.55914666666666,2023-10-21 10:01:17+00:00
136.16299166666667,71.42965,114.1999969482422,2023-08-28 00:02:15+00:00,4.699999809265137,273419310-2023-06-28T10:09:33.000000Z-1,0.50576,71.5,136.25,2023-08-28,11.999999,10.767898,12.0,0.0,0.0,0.0,0.0,0.0,0.0,13.083411,16.214293,14.080179,7.1305223,6.517233,7.5931396,0.1623431,0.16131859,0.11417113,-0.09301244,-0.0861612,-0.038149435,-1.9286337,-0.19743712,-0.1866937,232,35.00372333333333,64.55914666666666,2023-10-21 10:01:17+00:00
136.739555,71.728005,110.9000015258789,2023-08-29 00:00:07+00:00,0.1000000014901161,273419310-2023-06-28T10:09:33.000000Z-1,0.50576,71.75,136.75,2023-08-29,11.196249,10.786962,10.940667,0.0,0.0,0.0,0.0,0.0,0.0,13.302732,16.722967,14.501653,7.058718,6.3138237,6.8671594,0.08251633,0.09300189,0.04733585,0.013935248,0.010880806,0.02067697,-1.9215833,-0.17264391,-0.15871589,233,35.00372333333333,64.55914666666666,2023-10-21 10:01:17+00:00
136.71577,71.66158666666666,162.8000030517578,2023-08-30 00:17:55+00:00,0.0,273419310-2023-06-28T10:09:33.000000Z-1,0.50576,71.75,136.75,2023-08-30,11.33285,10.785769,11.10251,0.0,0.0,0.0,0.0,0.0,0.0,13.114315,16.307743,14.346583,7.055909,6.164612,6.821587,0.17042814,0.20373176,0.19508202,-0.04688372,-0.04736974,-0.020504657,-1.6870543,0.035062272,0.12427006,234,35.00372333333333,64.55914666666666,2023-10-21 10:01:17+00:00
136.18688166666666,71.4145,148.8000030517578,2023-08-31 00:13:05+00:00,0.0,273419310-2023-06-28T10:09:33.000000Z-1,0.50576,71.5,136.25,2023-08-31,10.803464,10.803464,12.0,0.0,0.0,0.0,0.0,0.0,0.0,11.710156,14.601525,12.958123,6.9210076,5.8702307,6.749326,0.19028415,0.2641422,0.22055347,-0.07962005,-0.10383015,-0.051265556,-1.3207753,0.4282895,0.62506413,235,35.00372333333333,64.55914666666666,2023-10-21 10:01:17+00:00
136.21321833333334,71.44009333333334,283.8999938964844,2023-09-01 01:02:10+00:00,0.0,273419310-2023-06-28T10:09:33.000000Z-1,0.50576,71.5,136.25,2023-09-01,10.803464,10.792793,12.0,0.0,0.0,0.0,0.0,0.0,0.0,11.852424,14.52913,12.476925,6.7596946,5.7091255,6.590109,0.082912296,0.12465165,0.102681085,-0.020227557,-0.054642595,-0.007562007,-1.4571302,0.28537673,0.4346819,236,35.00372333333333,64.55914666666666,2023-10-21 10:01:17+00:00
136.785315,71.57896166666667,5.5,2023-09-02 00:05:04+00:00,6.199999809265137,273419310-2023-06-28T10:09:33.000000Z-1,0.50576,71.5,136.75,2023-09-02,11.794595,10.767898,11.524802,0.0,0.0,0.0,0.0,0.0,0.0,12.981984,15.765921,13.6363535,6.859939,5.641219,6.7278824,0.005219841,0.06897094,0.035683095,0.0047988715,-0.030302437,-0.008557421,-1.671594,0.09770848,0.15649799,237,35.00372333333333,64.55914666666666,2023-10-21 10:01:17+00:00
136.72796,71.73637,143.10000610351562,2023-09-03 00:51:16+00:00,0.0,273419310-2023-06-28T10:09:33.000000Z-1,0.50576,71.75,136.75,2023-09-03,10.76885,10.767898,11.6106825,0.0,0.0,0.0,0.0,0.0,0.0,12.156115,14.8768835,12.507271,6.573546,5.8066115,6.3920484,0.14691402,0.14703736,0.057292815,0.020324523,0.011135807,0.0014822551,-1.7498261,-0.013950291,0.048068676,238,35.00372333333333,64.55914666666666,2023-10-21 10:01:17+00:00
136.182715,71.44121333333334,196.8000030517578,2023-09-04 00:50:07+00:00,0.0,273419310-2023-06-28T10:09:33.000000Z-1,0.50576,71.5,136.25,2023-09-04,10.803464,10.767898,11.964434,0.0,0.0,0.0,0.0,0.0,0.0,11.503267,14.395524,12.377198,6.4387937,5.43547,6.7512054,0.05668516,0.09423858,0.04468458,-0.025512585,-0.033367433,-0.00858736,-1.8331902,-0.0891347,-0.0515749,239,35.00372333333333,64.55914666666666,2023-10-21 10:01:17+00:00
136.18465833333337,71.41394333333334,205.8999938964844,2023-09-05 00:27:46+00:00,0.1000000014901161,273419310-2023-06-28T10:09:33.000000Z-1,0.50576,71.5,136.25,2023-09-05,10.803464,10.767898,11.965422,0.0,0.0,0.0,0.0,0.0,0.0,11.543264,14.31166,12.41537,6.3922772,5.2604327,6.754962,-0.049719807,-0.031361584,-0.012595395,-0.003638837,0.0030731936,-0.0037595264,-1.9223658,-0.21171646,-0.1691161,240,35.00372333333333,64.55914666666666,2023-10-21 10:01:17+00:00
136.683265,71.69519333333334,180.3999938964844,2023-09-06 00:54:08+00:00,0.1000000014901161,273419310-2023-06-28T10:09:33.000000Z-1,0.50576,71.75,136.75,2023-09-06,10.843454,10.91569,11.548833,0.0,0.0,0.0,0.0,0.0,0.0,12.050374,14.786097,12.811524,6.3337865,5.6983786,6.2897797,-0.10522326,-0.15470193,-0.1317006,0.01137863,0.021312939,0.003789065,-2.0398653,-0.31674808,-0.2858179,241,35.00372333333333,64.55914666666666,2023-10-21 10:01:17+00:00
136.68333333333334,71.69509666666667,346.79998779296875,2023-09-07 00:42:15+00:00,0.5,273419310-2023-06-28T10:09:33.000000Z-1,0.50576,71.75,136.75,2023-09-07,11.355174,11.444944,12.0,0.0,0.0,0.0,0.0,0.0,0.0,12.6880045,15.412826,13.443082,6.220504,5.735779,6.128153,-0.09750455,-0.1713865,-0.11752098,-0.021664202,-0.019780425,-0.03228944,-2.0168467,-0.2909716,-0.27059102,242,35.00372333333333,64.55914666666666,2023-10-21 10:01:17+00:00
136.68058,71.694385,183.8999938964844,2023-09-08 00:28:52+00:00,0.4000000059604645,273419310-2023-06-28T10:09:33.000000Z-1,0.50576,71.75,136.75,2023-09-08,11.999999,12.0,12.0,0.0,0.0,0.0,0.0,0.0,0.0,13.042819,15.847794,13.76332,6.007313,5.4847884,5.9097414,-0.049692452,-0.09647732,-0.021409689,-0.039566457,-0.023545057,-0.04886262,-1.948202,-0.21827045,-0.17389587,243,35.00372333333333,64.55914666666666,2023-10-21 10:01:17+00:00
136.680085,71.694635,4.900000095367432,2023-09-09 00:49:01+00:00,2.900000095367432,273419310-2023-06-28T10:09:33.000000Z-1,0.50576,71.75,136.75,2023-09-09,11.999999,12.0,12.0,0.0,0.0,0.0,0.0,0.0,0.0,13.320011,16.082756,13.929116,5.727846,5.1890435,5.7476993,-0.032303467,-0.035770983,0.0046519646,-0.048346218,-0.040479224,-0.05461748,-1.8522794,-0.13279831,-0.07199069,244,35.00372333333333,64.55914666666666,2023-10-21 10:01:17+00:00
136.60385166666666,71.51997833333333,243.0,2023-09-10 00:07:03+00:00,5.300000190734863,273419310-2023-06-28T10:09:33.000000Z-1,0.50576,71.5,136.5,2023-09-10,11.999999,11.606219,12.0,0.0,0.0,0.0,0.0,0.0,0.0,12.635625,15.475162,13.422,5.611739,4.4486256,5.3703084,0.018560668,0.0034495282,-0.017791018,-0.0064270073,0.0069931475,0.004940631,-1.7859474,-0.063143514,-0.0008395957,245,35.00372333333333,64.55914666666666,2023-10-21 10:01:17+00:00
136.18489666666667,71.44130333333334,342.0,2023-09-11 00:28:00+00:00,0.0,273419310-2023-06-28T10:09:33.000000Z-1,0.50576,71.5,136.25,2023-09-11,11.999999,10.803464,12.0,0.0,0.0,0.0,0.0,0.0,0.0,12.450707,15.270024,13.270547,5.4417524,4.244946,5.2388463,-0.01663134,-0.033253573,-0.09644665,0.031445295,0.054889392,0.03474574,-1.8792537,-0.12752539,-0.04857695,246,35.00372333333333,64.55914666666666,2023-10-21 10:01:17+00:00
136.18497666666667,71.44119833333333,13.399999618530272,2023-09-12 00:17:00+00:00,0.1000000014901161,273419310-2023-06-28T10:09:33.000000Z-1,0.50576,71.5,136.25,2023-09-12,11.999999,10.771454,12.0,0.0,0.0,0.0,0.0,0.0,0.0,12.562636,15.379889,13.370645,5.323449,3.9996471,5.0911226,0.05659882,0.039084274,-0.057272393,0.016440138,0.04521483,0.017882448,-1.7857319,-0.05927425,0.027055362,247,35.00372333333333,64.55914666666666,2023-10-21 10:01:17+00:00
136.18493833333332,71.44134166666667,133.60000610351562,2023-09-13 00:45:37+00:00,2.5999999046325684,273419310-2023-06-28T10:09:33.000000Z-1,0.50576,71.5,136.25,2023-09-13,11.999999,10.767898,12.0,0.0,0.0,0.0,0.0,0.0,0.0,12.610382,15.461041,13.470437,5.1639323,3.8474925,4.996887,0.056978885,0.021924293,-0.04329163,-0.005703153,0.029153274,0.023379581,-1.8080208,-0.09001324,-0.0035224392,248,35.00372333333333,64.55914666666666,2023-10-21 10:01:17+00:00
136.18495666666666,71.44115833333333,207.6999969482422,2023-09-14 00:35:23+00:00,0.0,273419310-2023-06-28T10:09:33.000000Z-1,0.50576,71.5,136.25,2023-09-14,11.910259,10.767898,12.0,0.0,0.0,0.0,0.0,0.0,0.0,12.170501,15.409243,13.558504,5.007728,3.9003088,4.8716717,0.08564984,0.071676284,0.031902358,-0.07475588,-0.03948275,0.011166996,-1.7804978,-0.0836249,0.01692323,249,35.00372333333333,64.55914666666666,2023-10-21 10:01:17+00:00
136.19246,71.44129333333333,331.5,2023-09-15 00:15:20+00:00,0.1000000014901161,273419310-2023-06-28T10:09:33.000000Z-1,0.50576,71.5,136.25,2023-09-15,10.803464,10.767898,12.0,0.0,0.0,0.0,0.0,0.0,0.0,11.524698,15.010578,13.629891,5.1011972,4.0642223,4.7262545,0.09022681,0.0887651,0.06037487,-0.07067122,-0.06928351,0.013423481,-1.8193144,-0.10931061,-0.0043387394,250,35.00372333333333,64.55914666666666,2023-10-21 10:01:17+00:00
133.56336,71.804065,356.70001220703125,2023-09-16 00:46:22+00:00,6.699999809265137,273419310-2023-06-28T10:09:33.000000Z-1,0.50576,71.75,133.5,2023-09-16,11.999999,12.0,12.0,0.0,0.0,0.0,0.0,0.0,0.0,13.363094,16.159992,14.134674,5.452067,5.0694833,5.1140337,0.09527144,0.12220375,0.104341775,-0.122355096,-0.18137468,-0.14842702,-1.7069678,-0.009714546,0.094764054,251,35.00372333333333,64.55914666666666,2023-10-21 10:01:17+00:00
130.26776833333332,71.498725,354.8999938964844,2023-09-17 00:45:05+00:00,5.5,273419310-2023-06-28T10:09:33.000000Z-1,0.50576,71.5,130.25,2023-09-17,11.744759,11.145264,12.0,0.0,0.0,0.0,0.0,0.0,0.0,10.795974,11.556857,11.784966,6.21885,6.4527793,5.74583,0.024656534,0.0365331,0.026054962,-0.06607252,-0.14021668,-0.09139504,-1.7252476,-0.0016690692,0.06836819,252,35.00372333333333,64.55914666666666,2023-10-21 10:01:17+00:00
128.11588666666665,73.63976666666667,305.6000061035156,2023-09-18 00:11:15+00:00,6.099999904632568,273419310-2023-06-28T10:09:33.000000Z-1,0.50576,73.75,128.0,2023-09-18,10.969028,10.767898,11.042699,0.0,0.0,0.0,0.0,0.0,0.0,9.705974,11.361679,10.170181,4.4429173,4.6756606,4.310521,0.22383222,0.25004435,0.19675006,-0.08629583,-0.090447925,-0.06632488,-1.7114366,-0.00045216872,0.0770441,253,35.00372333333333,64.55914666666666,2023-10-21 10:01:17+00:00
122.700335,73.27374833333333,201.1000061035156,2023-09-19 00:16:12+00:00,6.599999904632568,273419310-2023-06-28T10:09:33.000000Z-1,0.50576,73.25,122.75,2023-09-19,11.633274,11.543127,10.877986,0.0,0.0,0.0,0.0,0.0,0.0,9.32732,10.984925,13.465428,4.0944004,4.4555597,3.8433566,-0.030181667,-0.019947832,-0.053417295,-0.044019025,-0.061562113,-0.03744309,-2.0089433,-0.3116196,-0.25971988,254,35.00372333333333,64.55914666666666,2023-10-21 10:01:17+00:00
123.23955,73.24353166666667,65.0999984741211,2023-09-20 01:01:53+00:00,0.2000000029802322,273419310-2023-06-28T10:09:33.000000Z-1,0.50576,73.25,123.25,2023-09-20,10.767898,10.772443,10.767898,0.0,0.0,0.0,0.0,0.0,0.0,8.525545,10.290009,12.738372,3.8252888,4.3543587,3.7830837,-0.025620895,-0.02139634,-0.016284347,0.021510845,0.04820146,0.030816048,-2.1362748,-0.44175923,-0.4015284,255,35.00372333333333,64.55914666666666,2023-10-21 10:01:17+00:00
115.96932833333334,73.77295166666667,288.5,2023-09-21 00:00:53+00:00,5.800000190734863,273419310-2023-06-28T10:09:33.000000Z-1,0.50576,73.75,116.0,2023-09-21,11.999999,12.0,12.0,0.0,0.0,0.0,0.0,0.0,0.0,19.545078,23.367203,21.526068,4.004532,4.681672,3.9913793,0.00022063302,0.0033832064,-0.0030732993,-0.009209174,0.010741295,-0.0042661866,-2.2695827,-0.5663747,-0.54045546,256,35.00372333333333,64.55914666666666,2023-10-21 10:01:17+00:00
107.66104833333333,73.26363333333333,235.1000061035156,2023-09-22 00:28:59+00:00,6.599999904632568,273419310-2023-06-28T10:09:33.000000Z-1,0.50576,73.25,107.75,2023-09-22,11.999999,11.241718,11.99973,0.0,0.0,0.0,0.0,0.0,0.0,14.258964,11.69131,8.839368,3.1808422,3.7982087,4.1056957,-0.0018318834,0.0020848864,-0.020844385,0.0016846255,0.007166861,0.005396994,-2.190723,-0.44044945,-0.4002982,257,35.00372333333333,64.55914666666666,2023-10-21 10:01:17+00:00
102.65881333333331,72.07633833333334,188.3000030517578,2023-09-23 00:11:15+00:00,5.099999904632568,273419310-2023-06-28T10:09:33.000000Z-1,0.50576,72.0,102.75,2023-09-23,,,,,,,,,,,,,,,,,,,,,,,,,258,35.00372333333333,64.55914666666666,2023-10-21 10:01:17+00:00
102.47207833333331,71.98614666666667,226.1000061035156,2023-09-24 00:03:16+00:00,0.0,273419310-2023-06-28T10:09:33.000000Z-1,0.50576,72.0,102.5,2023-09-24,,,,,,,,,,,,,,,,,,,,,,,,,259,35.00372333333333,64.55914666666666,2023-10-21 10:01:17+00:00
102.50363,71.99307833333333,282.6000061035156,2023-09-25 00:02:15+00:00,0.1000000014901161,273419310-2023-06-28T10:09:33.000000Z-1,0.50576,72.0,102.5,2023-09-25,,,,,,,,,,,,,,,,,,,,,,,,,260,35.00372333333333,64.55914666666666,2023-10-21 10:01:17+00:00
102.50554666666666,71.99287666666666,151.60000610351562,2023-09-26 00:56:46+00:00,0.1000000014901161,273419310-2023-06-28T10:09:33.000000Z-1,0.50576,72.0,102.5,2023-09-26,,,,,,,,,,,,,,,,,,,,,,,,,261,35.00372333333333,64.55914666666666,2023-10-21 10:01:17+00:00
107.38738833333332,73.21220666666666,83.9000015258789,2023-09-27 01:08:19+00:00,6.5,273419310-2023-06-28T10:09:33.000000Z-1,0.50576,73.25,107.5,2023-09-27,11.999999,12.0,12.0,0.0,0.0,0.0,0.0,0.0,0.0,14.151212,11.497792,8.534418,1.1319774,2.1535258,2.6608303,0.023445828,0.04064263,0.059393123,0.0037092208,0.021039082,0.032390222,-1.9077111,-0.12018234,-0.0008580032,262,35.00372333333333,64.55914666666666,2023-10-21 10:01:17+00:00
109.089485,73.486755,142.0,2023-09-28 00:22:58+00:00,0.0,273419310-2023-06-28T10:09:33.000000Z-1,0.50576,73.5,109.0,2023-09-28,11.901402,10.979505,11.741295,0.0,0.0,0.0,0.0,0.0,0.0,14.592079,12.574086,10.049944,1.3856252,-0.07523766,2.3686154,0.008362236,0.007947786,0.0062035555,-0.032958,-0.014974491,-0.023597732,-1.9569614,-0.2273565,-0.1409812,263,35.00372333333333,64.55914666666666,2023-10-21 10:01:17+00:00
105.80555166666667,72.8497,118.9000015258789,2023-09-29 00:48:16+00:00,0.1000000014901161,273419310-2023-06-28T10:09:33.000000Z-1,0.50576,72.75,105.75,2023-09-29,,,,,,,,,,,,,,,,,,,,,,,,,264,35.00372333333333,64.55914666666666,2023-10-21 10:01:17+00:00
111.11062833333334,74.47347333333333,45.400001525878906,2023-09-30 00:07:06+00:00,7.400000095367432,273419310-2023-06-28T10:09:33.000000Z-1,0.50576,74.5,111.0,2023-09-30,10.767898,10.767898,10.767898,0.0,0.0038671517,0.0,0.0,0.056444064,0.0,18.432384,23.371536,23.726067,1.6201897,-0.031539127,1.6227592,0.03297507,0.021751719,0.012498703,0.0014903427,-0.0038310133,0.00792357,-1.9735224,-0.27504742,-0.20576967,265,35.00372333333333,64.55914666666666,2023-10-21 10:01:17+00:00
112.74096833333331,76.59021,317.20001220703125,2023-10-01 00:12:25+00:00,5.099999904632568,273419310-2023-06-28T10:09:33.000000Z-1,0.50576,76.5,112.75,2023-10-01,11.999999,12.0,12.0,0.006003136,0.0065352554,0.0,0.00016601205,0.08320704,0.0,27.050306,29.940699,27.354488,-0.39567536,-0.8125912,-0.60607344,0.06874633,0.06772503,0.06933876,-0.09926929,-0.091429695,-0.10332814,-2.03277,-0.30760825,-0.22119838,266,35.00372333333333,64.55914666666666,2023-10-21 10:01:17+00:00
103.98395166666668,77.72123666666667,250.1999969482422,2023-10-02 00:13:03+00:00,4.599999904632568,273419310-2023-06-28T10:09:33.000000Z-1,0.50576,77.75,104.0,2023-10-02,11.006824,10.767898,11.377695,0.03333784,0.01257037,0.0,0.007912922,0.07312658,0.0,28.007103,31.053501,27.622349,-0.66654956,-0.5903745,-0.35511217,0.656159,0.66713905,0.8414992,-0.025606107,-0.04002349,-0.19703923,-2.1080952,-0.38701737,-0.2758058,267,35.00372333333333,64.55914666666666,2023-10-21 10:01:17+00:00
100.3934,76.485975,245.8999938964844,2023-10-03 01:13:56+00:00,0.2000000029802322,273419310-2023-06-28T10:09:33.000000Z-1,0.50576,76.5,100.5,2023-10-03,12.119483,12.961824,12.979212,0.010332351,0.009497242,0.0,0.0012730658,0.07388898,0.0,25.49955,29.016928,25.56563,-0.41650745,-0.1714838,-0.23849592,-0.02773918,-0.04350252,-0.054969843,-0.013355166,0.0073619504,-0.031124499,-2.2128265,-0.4664957,-0.4719254,268,35.00372333333333,64.55914666666666,2023-10-21 10:01:17+00:00
100.39249,76.48600166666667,24.100000381469727,2023-10-04 00:26:57+00:00,0.0,273419310-2023-06-28T10:09:33.000000Z-1,0.50576,76.5,100.5,2023-10-04,12.119483,13.801926,12.422291,0.0067075114,0.0,0.0,0.0005937407,0.0,0.0,25.551723,29.04096,25.697441,-0.5035567,-0.31098825,-0.31443542,-0.006408201,-0.025662482,-0.0655965,-0.0059170607,0.011689135,-0.014223435,-2.0772488,-0.3597,-0.31151262,269,35.00372333333333,64.55914666666666,2023-10-21 10:01:17+00:00
92.70846333333331,76.04212166666667,237.6000061035156,2023-10-05 00:10:09+00:00,6.800000190734863,273419310-2023-06-28T10:09:33.000000Z-1,0.50576,76.0,92.75,2023-10-05,10.786598,10.834017,12.006583,0.0,0.0,0.0,0.0,0.0,0.0,23.94246,27.405588,23.543388,1.0622792,0.6706232,1.0486732,0.13846128,0.1947327,0.16957088,0.017986009,0.02810217,0.005494826,-1.9519628,-0.18585926,-0.08290354,270,35.00372333333333,64.55914666666666,2023-10-21 10:01:17+00:00
86.83895333333334,75.09019833333333,310.70001220703125,2023-10-06 00:36:41+00:00,0.1000000014901161,273419310-2023-06-28T10:09:33.000000Z-1,0.50576,75.0,86.75,2023-10-06,10.767898,10.782551,11.471067,0.0,0.0,0.0,0.0,0.0,0.0,18.178446,23.13404,18.243498,1.9184737,2.2539341,2.0613177,-0.20948549,-0.21489374,-0.27418885,-0.011361798,-0.041213214,-0.03175787,-2.0772495,-0.33750752,-0.29878417,271,35.00372333333333,64.55914666666666,2023-10-21 10:01:17+00:00
85.71461833333333,74.91470833333334,242.1000061035156,2023-10-07 00:00:08+00:00,7.400000095367432,273419310-2023-06-28T10:09:33.000000Z-1,0.50576,75.0,85.75,2023-10-07,10.814222,10.767898,10.767898,0.0,0.0,0.0,0.0,0.0,0.0,19.96286,24.544806,19.653404,1.6050143,1.828427,1.1717387,0.07193106,-0.011894657,0.037324257,0.06096043,0.08892444,0.07300966,-1.977975,-0.23600145,-0.16535868,272,35.00372333333333,64.55914666666666,2023-10-21 10:01:17+00:00
78.29948833333333,73.55573833333334,259.20001220703125,2023-10-08 00:00:48+00:00,7.099999904632568,273419310-2023-06-28T10:09:33.000000Z-1,0.50576,73.5,78.25,2023-10-08,10.767898,10.767898,10.767898,0.0,0.0,0.0,0.0,0.0,0.0,16.278582,22.764406,15.560246,2.2192194,2.0127404,2.0009105,-0.07509825,-0.125209,-0.15972354,0.13606688,0.105266295,0.076359324,-2.0701308,-0.31190854,-0.2608074,273,35.00372333333333,64.55914666666666,2023-10-21 10:01:17+00:00
75.41574166666666,73.463445,164.5,2023-10-09 00:34:31+00:00,0.4000000059604645,273419310-2023-06-28T10:09:33.000000Z-1,0.50576,73.5,75.5,2023-10-09,11.999999,12.0,12.0,0.0,0.0,0.0,0.0,0.0,0.0,14.58041,22.324354,13.8042555,2.4451566,2.1532595,2.1199481,0.06260633,0.059126392,0.0861956,0.06966581,0.09654149,0.08935064,-2.1688683,-0.4231368,-0.44266236,274,35.00372333333333,64.55914666666666,2023-10-21 10:01:17+00:00
75.41579333333334,73.46357333333333,348.29998779296875,2023-10-10 02:09:14+00:00,0.3000000119209289,273419310-2023-06-28T10:09:33.000000Z-1,0.50576,73.5,75.5,2023-10-10,11.999999,11.99824,12.0,0.0,0.0,0.0,0.0,0.0,0.0,14.093364,22.143253,13.245529,2.36892,2.0694766,2.0254643,0.008800215,-0.016022572,-0.0023468367,-0.017283104,-0.024804952,-0.03478834,-2.2618387,-0.5140001,-0.52748543,275,35.00372333333333,64.55914666666666,2023-10-21 10:01:17+00:00
69.849825,72.96197666666667,271.1000061035156,2023-10-11 00:32:47+00:00,8.600000381469727,273419310-2023-06-28T10:09:33.000000Z-1,0.50576,73.0,69.75,2023-10-11,10.877817,10.767898,10.767898,0.0,0.0,0.0,0.0,0.0,0.0,21.154776,23.857182,21.233118,3.7252765,3.396076,2.0854917,-0.06737626,-0.062176045,-0.0837924,0.020187307,0.03336699,0.017630532,-2.1090927,-0.34668514,-0.32945624,276,35.00372333333333,64.55914666666666,2023-10-21 10:01:17+00:00
66.393185,70.48853,168.6999969482422,2023-10-12 01:24:24+00:00,7.099999904632568,273419310-2023-06-28T10:09:33.000000Z-1,0.50576,70.5,66.5,2023-10-12,11.999999,12.0,12.0,0.0,0.0,0.0,0.0,0.0,0.0,30.5648,31.810242,30.373812,5.2047377,4.897053,4.615917,-0.007967693,-0.011104383,-0.017542012,0.032576736,0.014842781,0.014286021,-2.209834,-0.39054656,-0.4026986,277,35.00372333333333,64.55914666666666,2023-10-21 10:01:17+00:00
60.96912,69.87225833333333,261.20001220703125,2023-10-13 00:01:14+00:00,7.199999809265137,273419310-2023-06-28T10:09:33.000000Z-1,0.50576,69.75,61.0,2023-10-13,22.671242,19.101292,21.927616,0.0,0.0,0.0,0.0,0.0,0.0,31.860321,31.622477,31.510134,6.2738013,6.2076917,6.2280817,-0.10819954,-0.12669155,-0.15951757,-0.019827124,0.06045767,0.027850352,-2.341878,-0.51552874,-0.5760342,278,35.00372333333333,64.55914666666666,2023-10-21 10:01:17+00:00
60.26394,69.038095,172.0,2023-10-14 00:01:08+00:00,7.400000095367432,273419310-2023-06-28T10:09:33.000000Z-1,0.50576,69.0,60.25,2023-10-14,11.999999,12.0,12.0,0.0,0.0,0.0,0.0,0.0,0.0,28.1773,27.169262,27.460188,4.9048796,4.76046,4.5989766,-0.016123818,-0.025560735,0.0076286513,-0.008252399,-0.04951331,-0.009093861,-2.2372875,-0.39287934,-0.444028,279,35.00372333333333,64.55914666666666,2023-10-21 10:01:17+00:00
52.857063333333336,68.78262666666667,234.3000030517578,2023-10-15 00:24:39+00:00,7.400000095367432,273419310-2023-06-28T10:09:33.000000Z-1,0.50576,68.75,52.75,2023-10-15,11.827716,12.0,12.0,0.0,0.0,0.0,0.0,0.0,0.0,31.344452,32.371624,31.465124,6.260481,5.7648926,5.9003744,-0.17549123,-0.14276893,-0.18828504,-0.03905913,0.008599733,-0.021491103,-2.490429,-0.6365099,-0.80442727,280,35.00372333333333,64.55914666666666,2023-10-21 10:01:17+00:00
46.74197166666666,68.14212,330.1000061035156,2023-10-16 00:30:17+00:00,6.599999904632568,273419310-2023-06-28T10:09:33.000000Z-1,0.50576,68.25,46.75,2023-10-16,30.799826,17.023186,16.649412,0.0,0.0,0.0,0.0,0.0,0.0,33.333157,32.042797,31.931728,7.2605357,7.300915,6.8900023,0.04287344,0.1089525,0.08630597,-0.02784892,-0.045567285,-0.05003019,-2.2411892,-0.39993814,-0.45444596,281,35.00372333333333,64.55914666666666,2023-10-21 10:01:17+00:00
42.108955,67.564415,209.6999969482422,2023-10-17 00:48:40+00:00,5.699999809265137,273419310-2023-06-28T10:09:33.000000Z-1,0.50576,67.5,42.0,2023-10-17,23.818735,27.818068,20.340555,0.0,0.0,0.0,0.0,0.0,0.0,33.83736,33.697903,33.58205,7.425526,7.767526,7.357924,0.062135305,0.069946654,0.06533731,-0.014304576,-0.041437246,0.0042926087,-2.2315133,-0.42153236,-0.4693348,282,35.00372333333333,64.55914666666666,2023-10-21 10:01:17+00:00
39.33712833333333,66.131235,154.39999389648438,2023-10-18 11:33:49+00:00,0.2000000029802322,273419310-2023-06-28T10:09:33.000000Z-1,0.50576,66.25,39.25,2023-10-18,,,,,,,,,,,,,,,,,,,,,,,,,283,35.00372333333333,64.55914666666666,2023-10-21 10:01:17+00:00
39.339308333333335,66.13128166666667,257.0,2023-10-19 03:49:36+00:00,0.5,273419310-2023-06-28T10:09:33.000000Z-1,0.50576,66.25,39.25,2023-10-19,,,,,,,,,,,,,,,,,,,,,,,,,284,35.00372333333333,64.55914666666666,2023-10-21 10:01:17+00:00
38.499986666666665,65.774615,226.6000061035156,2023-10-20 00:11:36+00:00,6.5,273419310-2023-06-28T10:09:33.000000Z-1,0.50576,65.75,38.5,2023-10-20,25.315363,22.90411,21.150198,0.0,0.0,0.0,0.0,0.0,0.0,32.00324,29.735228,29.39225,7.014537,7.5815434,6.86865,0.022666693,0.05541621,0.052060522,-0.010495051,-0.03340806,-0.050071657,-1.9371947,-0.07883363,-0.037935983,285,35.00372333333333,64.55914666666666,2023-10-21 10:01:17+00:00
35.00372333333333,64.55914666666666,84.5999984741211,2023-10-21 03:02:00+00:00,0.3000000119209289,273419310-2023-06-28T10:09:33.000000Z-1,0.50576,64.5,35.0,2023-10-21,11.431358,10.767898,11.553091,0.0,0.0,0.0,0.0,0.0,0.0,27.60699,21.518225,24.75205,5.8570385,6.140178,5.2889833,0.0044672517,0.02493622,0.0026060182,0.00036517088,0.025666084,0.029560998,-1.6705328,0.14280838,0.18454495,286,35.00372333333333,64.55914666666666,2023-10-21 10:01:17+00:00
34.395183333333335,64.25690666666667,210.8000030517578,2023-10-22 09:05:17+00:00,3.900000095367432,273419310-2023-06-28T10:09:33.000000Z-1,0.50576,64.25,34.5,2023-10-22,,,,,,,,,,,,,,,,,,,,,,,,,287,,,
34.290058333333334,63.892718333333335,87.4000015258789,2023-10-23 01:05:29+00:00,0.0,273419310-2023-06-28T10:09:33.000000Z-1,0.50576,64.0,34.25,2023-10-23,,,,,,,,,,,,,,,,,,,,,,,,,288,,,
34.967173333333335,63.10675833333333,128.8000030517578,2023-10-24 00:23:56+00:00,0.0,273419310-2023-06-28T10:09:33.000000Z-1,0.50576,63.0,35.0,2023-10-24,,,,,,,,,,,,,,,,,,,,,,,,,289,,,
