lon,lat,course,timestamp,speed,seg_id,lon_destination,lat_destination,timestamp_destination
67.33244833333333,77.409505,270.0,2022-04-01 00:00:17+00:00,1.0,273297290-2022-01-06T11:38:49.000000Z-1,40.03310166666667,65.98191166666666,2022-04-27 11:55:17+00:00
66.11480333333333,77.44822333333333,270.0,2022-04-02 00:20:05+00:00,0.4000000059604645,273297290-2022-01-06T11:38:49.000000Z-1,40.03310166666667,65.98191166666666,2022-04-27 11:55:17+00:00
70.59956666666666,77.32522,121.7,2022-04-03 00:03:01+00:00,9.6,273297290-2022-01-06T11:38:49.000000Z-1,40.03310166666667,65.98191166666666,2022-04-27 11:55:17+00:00
78.23669,73.390965,176.5,2022-04-04 00:44:22+00:00,11.7,273297290-2022-01-06T11:38:49.000000Z-1,40.03310166666667,65.98191166666666,2022-04-27 11:55:17+00:00
83.37099333333333,71.71899,143.2,2022-04-05 00:11:00+00:00,8.5,273297290-2022-01-06T11:38:49.000000Z-1,40.03310166666667,65.98191166666666,2022-04-27 11:55:17+00:00
83.15166666666667,70.06833333333333,0.0,2022-04-06 00:25:23+00:00,0.0,273297290-2022-01-06T11:38:49.000000Z-1,40.03310166666667,65.98191166666666,2022-04-27 11:55:17+00:00
83.15166666666667,70.06833333333333,0.0,2022-04-07 00:58:21+00:00,0.0,273297290-2022-01-06T11:38:49.000000Z-1,40.03310166666667,65.98191166666666,2022-04-27 11:55:17+00:00
83.15221666666666,70.06911166666667,0.1,2022-04-08 01:04:19+00:00,0.0,273297290-2022-01-06T11:38:49.000000Z-1,40.03310166666667,65.98191166666666,2022-04-27 11:55:17+00:00
83.15166666666667,70.06833333333333,0.0,2022-04-09 00:31:21+00:00,0.0,273297290-2022-01-06T11:38:49.000000Z-1,40.03310166666667,65.98191166666666,2022-04-27 11:55:17+00:00
83.152195,70.06911833333334,0.1,2022-04-10 00:16:52+00:00,0.0,273297290-2022-01-06T11:38:49.000000Z-1,40.03310166666667,65.98191166666666,2022-04-27 11:55:17+00:00
83.15166666666667,70.06833333333333,0.0,2022-04-11 00:01:20+00:00,0.0,273297290-2022-01-06T11:38:49.000000Z-1,40.03310166666667,65.98191166666666,2022-04-27 11:55:17+00:00
83.15166666666667,70.06833333333333,0.0,2022-04-12 00:19:15+00:00,0.0,273297290-2022-01-06T11:38:49.000000Z-1,40.03310166666667,65.98191166666666,2022-04-27 11:55:17+00:00
83.15218333333333,70.069095,0.1,2022-04-13 02:02:30+00:00,0.0,273297290-2022-01-06T11:38:49.000000Z-1,40.03310166666667,65.98191166666666,2022-04-27 11:55:17+00:00
83.15215833333333,70.06911166666667,0.1,2022-04-14 02:35:40+00:00,0.0,273297290-2022-01-06T11:38:49.000000Z-1,40.03310166666667,65.98191166666666,2022-04-27 11:55:17+00:00
83.15166666666667,70.06833333333333,0.0,2022-04-15 02:04:13+00:00,0.0,273297290-2022-01-06T11:38:49.000000Z-1,40.03310166666667,65.98191166666666,2022-04-27 11:55:17+00:00
83.03840666666666,71.30537666666666,2.7,2022-04-16 00:17:19+00:00,9.6,273297290-2022-01-06T11:38:49.000000Z-1,40.03310166666667,65.98191166666666,2022-04-27 11:55:17+00:00
78.66166666666666,72.67333333333333,305.0,2022-04-17 00:04:11+00:00,8.0,273297290-2022-01-06T11:38:49.000000Z-1,40.03310166666667,65.98191166666666,2022-04-27 11:55:17+00:00
80.41039,73.16326666666667,0.1,2022-04-18 01:14:37+00:00,0.0,273297290-2022-01-06T11:38:49.000000Z-1,40.03310166666667,65.98191166666666,2022-04-27 11:55:17+00:00
77.35691,73.95863666666666,198.5,2022-04-19 00:38:01+00:00,1.6,273297290-2022-01-06T11:38:49.000000Z-1,40.03310166666667,65.98191166666666,2022-04-27 11:55:17+00:00
77.30094166666667,73.84653,180.0,2022-04-20 00:24:05+00:00,0.2,273297290-2022-01-06T11:38:49.000000Z-1,40.03310166666667,65.98191166666666,2022-04-27 11:55:17+00:00
76.64288166666667,73.77729333333333,0.1,2022-04-21 01:00:01+00:00,0.2,273297290-2022-01-06T11:38:49.000000Z-1,40.03310166666667,65.98191166666666,2022-04-27 11:55:17+00:00
76.59831166666666,73.80212833333333,60.5,2022-04-22 00:05:26+00:00,2.6,273297290-2022-01-06T11:38:49.000000Z-1,40.03310166666667,65.98191166666666,2022-04-27 11:55:17+00:00
73.03702833333334,75.72489833333333,309.0,2022-04-23 00:02:19+00:00,12.0,273297290-2022-01-06T11:38:49.000000Z-1,40.03310166666667,65.98191166666666,2022-04-27 11:55:17+00:00
62.00018666666666,76.896765,231.2,2022-04-24 00:32:06+00:00,0.6,273297290-2022-01-06T11:38:49.000000Z-1,40.03310166666667,65.98191166666666,2022-04-27 11:55:17+00:00
49.23475666666667,74.05923333333334,204.0,2022-04-25 00:27:25+00:00,13.0,273297290-2022-01-06T11:38:49.000000Z-1,40.03310166666667,65.98191166666666,2022-04-27 11:55:17+00:00
43.71237,71.092895,206.2,2022-04-26 00:30:55+00:00,11.9,273297290-2022-01-06T11:38:49.000000Z-1,40.03310166666667,65.98191166666666,2022-04-27 11:55:17+00:00
40.03310166666667,65.98191166666666,214.1,2022-04-27 01:30:21+00:00,10.4,273297290-2022-01-06T11:38:49.000000Z-1,40.03310166666667,65.98191166666666,2022-04-27 11:55:17+00:00
42.02,68.03,21.0,2022-05-09 00:36:41+00:00,12.0,273297290-2022-01-06T11:38:49.000000Z-1,85.50283833333333,69.76024666666666,2022-05-15 03:17:34+00:00
48.671596666666666,72.44284166666667,28.5,2022-05-10 00:51:04+00:00,12.1,273297290-2022-01-06T11:38:49.000000Z-1,85.50283833333333,69.76024666666666,2022-05-15 03:17:34+00:00
58.64309,76.33593833333333,64.1,2022-05-11 00:13:21+00:00,10.4,273297290-2022-01-06T11:38:49.000000Z-1,85.50283833333333,69.76024666666666,2022-05-15 03:17:34+00:00
72.12776333333333,75.92208666666667,176.9,2022-05-12 00:04:22+00:00,9.6,273297290-2022-01-06T11:38:49.000000Z-1,85.50283833333333,69.76024666666666,2022-05-15 03:17:34+00:00
76.87068333333333,73.88352333333333,139.1,2022-05-13 00:01:14+00:00,9.0,273297290-2022-01-06T11:38:49.000000Z-1,85.50283833333333,69.76024666666666,2022-05-15 03:17:34+00:00
83.13256833333334,71.803405,123.1,2022-05-14 00:05:31+00:00,6.9,273297290-2022-01-06T11:38:49.000000Z-1,85.50283833333333,69.76024666666666,2022-05-15 03:17:34+00:00
85.50283833333333,69.76024666666666,117.9,2022-05-15 00:05:15+00:00,8.2,273297290-2022-01-06T11:38:49.000000Z-1,85.50283833333333,69.76024666666666,2022-05-15 03:17:34+00:00
84.163025,69.59978333333333,325.7,2022-05-19 00:00:33+00:00,8.3,273297290-2022-01-06T11:38:49.000000Z-1,40.23874166666667,64.86471666666667,2022-06-09 03:04:31+00:00
82.64713333333333,71.82866166666666,0.1,2022-05-20 00:11:15+00:00,0.0,273297290-2022-01-06T11:38:49.000000Z-1,40.23874166666667,64.86471666666667,2022-06-09 03:04:31+00:00
78.40415,73.53865,6.5,2022-05-21 00:06:25+00:00,11.4,273297290-2022-01-06T11:38:49.000000Z-1,40.23874166666667,64.86471666666667,2022-06-09 03:04:31+00:00
77.89628166666667,73.78236833333334,0.1,2022-05-22 00:01:03+00:00,0.2,273297290-2022-01-06T11:38:49.000000Z-1,40.23874166666667,64.86471666666667,2022-06-09 03:04:31+00:00
77.44149666666667,73.76064833333334,214.8999938964844,2022-05-23 00:13:12+00:00,1.2000000476837158,273297290-2022-01-06T11:38:49.000000Z-1,40.23874166666667,64.86471666666667,2022-06-09 03:04:31+00:00
77.22548333333333,73.97171166666666,331.6,2022-05-24 00:00:04+00:00,10.1,273297290-2022-01-06T11:38:49.000000Z-1,40.23874166666667,64.86471666666667,2022-06-09 03:04:31+00:00
69.875535,77.12142,338.9,2022-05-25 00:02:03+00:00,10.9,273297290-2022-01-06T11:38:49.000000Z-1,40.23874166666667,64.86471666666667,2022-06-09 03:04:31+00:00
54.36926833333333,75.421815,205.1,2022-05-26 01:00:15+00:00,10.7,273297290-2022-01-06T11:38:49.000000Z-1,40.23874166666667,64.86471666666667,2022-06-09 03:04:31+00:00
47.853575,71.07432166666666,235.6,2022-05-27 00:29:22+00:00,12.9,273297290-2022-01-06T11:38:49.000000Z-1,40.23874166666667,64.86471666666667,2022-06-09 03:04:31+00:00
42.39599666666667,68.28064166666667,341.70001220703125,2022-05-28 00:06:21+00:00,2.200000047683716,273297290-2022-01-06T11:38:49.000000Z-1,40.23874166666667,64.86471666666667,2022-06-09 03:04:31+00:00
39.820481666666666,65.09265,145.4,2022-05-29 00:46:10+00:00,10.7,273297290-2022-01-06T11:38:49.000000Z-1,40.23874166666667,64.86471666666667,2022-06-09 03:04:31+00:00
40.07,64.98666666666666,0.0,2022-05-30 07:11:56+00:00,0.0,273297290-2022-01-06T11:38:49.000000Z-1,40.23874166666667,64.86471666666667,2022-06-09 03:04:31+00:00
40.072073333333336,64.99052166666667,0.1000000014901161,2022-05-31 03:35:42+00:00,0.0,273297290-2022-01-06T11:38:49.000000Z-1,40.23874166666667,64.86471666666667,2022-06-09 03:04:31+00:00
40.07,64.99,0.0,2022-06-01 03:50:54+00:00,0.0,273297290-2022-01-06T11:38:49.000000Z-1,40.23874166666667,64.86471666666667,2022-06-09 03:04:31+00:00
40.074981666666666,64.99073666666666,0.1000000014901161,2022-06-02 00:36:07+00:00,0.0,273297290-2022-01-06T11:38:49.000000Z-1,40.23874166666667,64.86471666666667,2022-06-09 03:04:31+00:00
40.07,64.99,0.0,2022-06-03 06:23:50+00:00,0.0,273297290-2022-01-06T11:38:49.000000Z-1,40.23874166666667,64.86471666666667,2022-06-09 03:04:31+00:00
40.075,64.99,0.0,2022-06-04 17:14:48+00:00,0.0,273297290-2022-01-06T11:38:49.000000Z-1,40.23874166666667,64.86471666666667,2022-06-09 03:04:31+00:00
40.074198333333335,64.99113333333334,0.1000000014901161,2022-06-05 06:15:48+00:00,0.0,273297290-2022-01-06T11:38:49.000000Z-1,40.23874166666667,64.86471666666667,2022-06-09 03:04:31+00:00
40.071666666666665,64.99,0.0,2022-06-07 14:44:44+00:00,0.0,273297290-2022-06-07T14:44:44.000000Z-1,40.23874166666667,64.86471666666667,2022-06-09 03:04:31+00:00
40.072516666666665,64.99086666666666,0.1000000014901161,2022-06-08 02:58:24+00:00,0.0,273297290-2022-06-07T14:44:44.000000Z-1,40.23874166666667,64.86471666666667,2022-06-09 03:04:31+00:00
40.23874166666667,64.86471666666667,153.1999969482422,2022-06-09 02:00:32+00:00,10.100000381469728,273297290-2022-06-07T14:44:44.000000Z-1,40.23874166666667,64.86471666666667,2022-06-09 03:04:31+00:00
43.02021166666667,68.87311333333334,64.6,2022-06-19 05:35:42+00:00,13.1,273297290-2022-06-07T14:44:44.000000Z-1,83.35570833333334,70.03664833333333,2022-06-30 09:34:00+00:00
49.00490166666667,68.18129166666667,0.1,2022-06-20 05:15:54+00:00,0.0,273297290-2022-06-07T14:44:44.000000Z-1,83.35570833333334,70.03664833333333,2022-06-30 09:34:00+00:00
54.16688,69.54453333333333,61.2,2022-06-22 04:02:10+00:00,12.1,273297290-2022-06-22T04:02:10.000000Z-1,83.35570833333334,70.03664833333333,2022-06-30 09:34:00+00:00
63.717085,71.13941166666666,72.5999984741211,2022-06-23 00:06:39+00:00,12.5,273297290-2022-06-22T04:02:10.000000Z-1,83.35570833333334,70.03664833333333,2022-06-30 09:34:00+00:00
74.899845,73.83594333333333,93.5,2022-06-24 00:44:00+00:00,10.1,273297290-2022-06-22T04:02:10.000000Z-1,83.35570833333334,70.03664833333333,2022-06-30 09:34:00+00:00
78.843865,72.657995,145.9,2022-06-25 00:04:57+00:00,4.6,273297290-2022-06-22T04:02:10.000000Z-1,83.35570833333334,70.03664833333333,2022-06-30 09:34:00+00:00
78.575,72.73166666666667,0.0,2022-06-26 00:03:06+00:00,0.0,273297290-2022-06-22T04:02:10.000000Z-1,83.35570833333334,70.03664833333333,2022-06-30 09:34:00+00:00
78.17256,72.79530666666666,0.1,2022-06-27 01:29:37+00:00,0.0,273297290-2022-06-22T04:02:10.000000Z-1,83.35570833333334,70.03664833333333,2022-06-30 09:34:00+00:00
78.17295166666666,72.79546333333333,0.1,2022-06-28 00:08:48+00:00,0.1,273297290-2022-06-22T04:02:10.000000Z-1,83.35570833333334,70.03664833333333,2022-06-30 09:34:00+00:00
79.00467,72.65155166666666,111.6,2022-06-29 00:41:02+00:00,6.9,273297290-2022-06-22T04:02:10.000000Z-1,83.35570833333334,70.03664833333333,2022-06-30 09:34:00+00:00
83.35570833333334,70.03664833333333,142.60000610351562,2022-06-30 00:40:48+00:00,10.399999618530272,273297290-2022-06-22T04:02:10.000000Z-1,83.35570833333334,70.03664833333333,2022-06-30 09:34:00+00:00
79.73628833333333,72.46415833333333,304.0,2022-07-09 04:55:05+00:00,12.9,273297290-2022-06-22T04:02:10.000000Z-1,42.797075,69.66899166666667,2022-07-12 19:05:13+00:00
69.03752166666666,73.671665,246.2,2022-07-10 00:01:17+00:00,12.4,273297290-2022-06-22T04:02:10.000000Z-1,42.797075,69.66899166666667,2022-07-12 19:05:13+00:00
57.260705,70.1981,240.1,2022-07-11 00:28:16+00:00,12.9,273297290-2022-06-22T04:02:10.000000Z-1,42.797075,69.66899166666667,2022-07-12 19:05:13+00:00
42.797075,69.66899166666667,263.7,2022-07-12 00:01:06+00:00,11.9,273297290-2022-06-22T04:02:10.000000Z-1,42.797075,69.66899166666667,2022-07-12 19:05:13+00:00
33.583283333333334,69.324435,38.70000076293945,2022-07-20 00:18:20+00:00,12.600000381469728,273297290-2022-06-22T04:02:10.000000Z-1,33.526595,69.21639166666667,2022-08-09 03:38:34+00:00
51.311205,69.951435,84.3,2022-07-21 06:36:42+00:00,12.0,273297290-2022-07-21T06:36:42.000000Z-1,33.526595,69.21639166666667,2022-08-09 03:38:34+00:00
62.04654,71.696265,45.1,2022-07-22 04:00:01+00:00,11.6,273297290-2022-07-21T06:36:42.000000Z-1,33.526595,69.21639166666667,2022-08-09 03:38:34+00:00
73.52805,73.832675,88.3,2022-07-23 00:22:30+00:00,12.9,273297290-2022-07-21T06:36:42.000000Z-1,33.526595,69.21639166666667,2022-08-09 03:38:34+00:00
78.44243333333333,72.887895,0.1,2022-07-24 03:30:32+00:00,0.0,273297290-2022-07-21T06:36:42.000000Z-1,33.526595,69.21639166666667,2022-08-09 03:38:34+00:00
78.44166666666666,72.89,0.0,2022-07-25 06:53:28+00:00,0.0,273297290-2022-07-21T06:36:42.000000Z-1,33.526595,69.21639166666667,2022-08-09 03:38:34+00:00
78.44443166666667,72.890735,0.1,2022-07-26 03:33:55+00:00,0.0,273297290-2022-07-21T06:36:42.000000Z-1,33.526595,69.21639166666667,2022-08-09 03:38:34+00:00
78.45,72.89,0.0,2022-07-27 06:20:25+00:00,0.0,273297290-2022-07-21T06:36:42.000000Z-1,33.526595,69.21639166666667,2022-08-09 03:38:34+00:00
78.45124666666666,72.89013166666666,0.1,2022-07-28 05:01:24+00:00,0.0,273297290-2022-07-21T06:36:42.000000Z-1,33.526595,69.21639166666667,2022-08-09 03:38:34+00:00
78.45222833333334,72.88922333333333,0.1,2022-07-29 00:37:31+00:00,0.0,273297290-2022-07-21T06:36:42.000000Z-1,33.526595,69.21639166666667,2022-08-09 03:38:34+00:00
80.33998166666667,73.15353,0.1,2022-07-30 00:00:23+00:00,0.0,273297290-2022-07-21T06:36:42.000000Z-1,33.526595,69.21639166666667,2022-08-09 03:38:34+00:00
80.33333333333333,73.15333333333334,0.0,2022-07-31 03:41:18+00:00,0.0,273297290-2022-07-21T06:36:42.000000Z-1,33.526595,69.21639166666667,2022-08-09 03:38:34+00:00
80.37537333333333,73.16906,0.1,2022-08-01 01:37:20+00:00,0.0,273297290-2022-07-21T06:36:42.000000Z-1,33.526595,69.21639166666667,2022-08-09 03:38:34+00:00
80.41204166666667,73.16427,0.1,2022-08-02 06:10:38+00:00,0.0,273297290-2022-07-21T06:36:42.000000Z-1,33.526595,69.21639166666667,2022-08-09 03:38:34+00:00
80.412105,73.16428166666667,0.1,2022-08-03 00:28:46+00:00,0.0,273297290-2022-07-21T06:36:42.000000Z-1,33.526595,69.21639166666667,2022-08-09 03:38:34+00:00
80.41216,73.16427666666667,0.1,2022-08-04 02:31:58+00:00,0.0,273297290-2022-07-21T06:36:42.000000Z-1,33.526595,69.21639166666667,2022-08-09 03:38:34+00:00
80.41166666666666,73.16333333333333,0.0,2022-08-05 07:26:11+00:00,0.0,273297290-2022-07-21T06:36:42.000000Z-1,33.526595,69.21639166666667,2022-08-09 03:38:34+00:00
71.664095,73.83210166666667,270.0,2022-08-06 00:09:52+00:00,11.8,273297290-2022-07-21T06:36:42.000000Z-1,33.526595,69.21639166666667,2022-08-09 03:38:34+00:00
57.900785,70.40145,189.2,2022-08-07 02:56:41+00:00,12.5,273297290-2022-07-21T06:36:42.000000Z-1,33.526595,69.21639166666667,2022-08-09 03:38:34+00:00
42.407203333333335,69.57856166666667,261.3,2022-08-08 06:21:31+00:00,9.3,273297290-2022-07-21T06:36:42.000000Z-1,33.526595,69.21639166666667,2022-08-09 03:38:34+00:00
33.526595,69.21639166666667,181.3000030517578,2022-08-09 00:01:00+00:00,7.699999809265137,273297290-2022-07-21T06:36:42.000000Z-1,33.526595,69.21639166666667,2022-08-09 03:38:34+00:00
40.275,69.38333333333334,79.0,2022-08-20 03:04:18+00:00,13.0,273297290-2022-07-21T06:36:42.000000Z-1,83.0756,70.06952,2022-08-28 09:11:36+00:00
57.26111,70.15888833333334,84.1,2022-08-21 05:38:20+00:00,13.4,273297290-2022-07-21T06:36:42.000000Z-1,83.0756,70.06952,2022-08-28 09:11:36+00:00
66.28111166666666,72.92280166666667,47.3,2022-08-22 00:54:41+00:00,11.5,273297290-2022-07-21T06:36:42.000000Z-1,83.0756,70.06952,2022-08-28 09:11:36+00:00
80.39337,73.14435,0.1,2022-08-23 05:07:34+00:00,0.0,273297290-2022-07-21T06:36:42.000000Z-1,83.0756,70.06952,2022-08-28 09:11:36+00:00
80.40152,73.14194666666667,0.1,2022-08-24 05:13:49+00:00,0.0,273297290-2022-07-21T06:36:42.000000Z-1,83.0756,70.06952,2022-08-28 09:11:36+00:00
80.39862666666667,73.140245,0.1,2022-08-25 05:38:04+00:00,0.0,273297290-2022-07-21T06:36:42.000000Z-1,83.0756,70.06952,2022-08-28 09:11:36+00:00
80.40051833333334,73.14065833333333,0.1,2022-08-26 00:38:13+00:00,0.0,273297290-2022-07-21T06:36:42.000000Z-1,83.0756,70.06952,2022-08-28 09:11:36+00:00
80.40267,73.14242166666666,0.1,2022-08-27 00:38:25+00:00,0.0,273297290-2022-07-21T06:36:42.000000Z-1,83.0756,70.06952,2022-08-28 09:11:36+00:00
83.0756,70.06952,116.4,2022-08-28 00:15:28+00:00,13.2,273297290-2022-07-21T06:36:42.000000Z-1,83.0756,70.06952,2022-08-28 09:11:36+00:00
82.73447,70.16454333333333,340.4,2022-08-31 01:11:30+00:00,13.0,273297290-2022-07-21T06:36:42.000000Z-1,35.8232,69.518585,2022-09-04 13:31:56+00:00
75.17530333333333,73.83261333333333,270.0,2022-09-01 02:01:11+00:00,14.2,273297290-2022-07-21T06:36:42.000000Z-1,35.8232,69.518585,2022-09-04 13:31:56+00:00
62.37337333333333,71.42087666666667,230.1,2022-09-02 03:19:14+00:00,11.5,273297290-2022-07-21T06:36:42.000000Z-1,35.8232,69.518585,2022-09-04 13:31:56+00:00
50.61410166666667,69.95161,257.5,2022-09-03 03:17:34+00:00,11.5,273297290-2022-07-21T06:36:42.000000Z-1,35.8232,69.518585,2022-09-04 13:31:56+00:00
35.8232,69.518585,273.0,2022-09-04 06:24:43+00:00,11.3,273297290-2022-07-21T06:36:42.000000Z-1,35.8232,69.518585,2022-09-04 13:31:56+00:00
41.68919833333333,69.47054833333333,82.1,2022-09-14 03:44:43+00:00,12.0,273297290-2022-07-21T06:36:42.000000Z-1,83.28728333333333,70.9453,2022-10-01 14:52:23+00:00
57.902483333333336,69.731295,84.6,2022-09-15 07:25:03+00:00,12.1,273297290-2022-07-21T06:36:42.000000Z-1,83.28728333333333,70.9453,2022-10-01 14:52:23+00:00
65.40654166666667,72.13859,35.1,2022-09-16 03:32:14+00:00,12.0,273297290-2022-07-21T06:36:42.000000Z-1,83.28728333333333,70.9453,2022-10-01 14:52:23+00:00
77.274215,73.718445,108.2,2022-09-17 00:22:13+00:00,12.7,273297290-2022-07-21T06:36:42.000000Z-1,83.28728333333333,70.9453,2022-10-01 14:52:23+00:00
80.36323,73.13800833333333,0.1,2022-09-18 06:10:18+00:00,0.0,273297290-2022-07-21T06:36:42.000000Z-1,83.28728333333333,70.9453,2022-10-01 14:52:23+00:00
80.36166666666666,73.13666666666667,0.0,2022-09-19 00:27:37+00:00,0.0,273297290-2022-07-21T06:36:42.000000Z-1,83.28728333333333,70.9453,2022-10-01 14:52:23+00:00
80.36398666666666,73.13787833333333,0.1,2022-09-20 00:34:40+00:00,0.0,273297290-2022-07-21T06:36:42.000000Z-1,83.28728333333333,70.9453,2022-10-01 14:52:23+00:00
80.36465666666666,73.13862666666667,0.1,2022-09-21 01:01:54+00:00,0.1,273297290-2022-07-21T06:36:42.000000Z-1,83.28728333333333,70.9453,2022-10-01 14:52:23+00:00
80.35628166666666,73.14025166666667,0.1,2022-09-22 00:23:05+00:00,0.0,273297290-2022-07-21T06:36:42.000000Z-1,83.28728333333333,70.9453,2022-10-01 14:52:23+00:00
80.35663,73.13879666666666,0.1,2022-09-23 00:08:18+00:00,0.0,273297290-2022-07-21T06:36:42.000000Z-1,83.28728333333333,70.9453,2022-10-01 14:52:23+00:00
80.36373166666667,73.13820666666666,0.1,2022-09-24 00:20:29+00:00,0.0,273297290-2022-07-21T06:36:42.000000Z-1,83.28728333333333,70.9453,2022-10-01 14:52:23+00:00
80.36166333333334,73.13787333333333,0.1,2022-09-25 01:02:44+00:00,0.0,273297290-2022-07-21T06:36:42.000000Z-1,83.28728333333333,70.9453,2022-10-01 14:52:23+00:00
80.35981333333334,73.13793,0.1,2022-09-26 00:09:56+00:00,0.0,273297290-2022-07-21T06:36:42.000000Z-1,83.28728333333333,70.9453,2022-10-01 14:52:23+00:00
80.35831333333333,73.13826166666666,0.1,2022-09-27 01:26:21+00:00,0.0,273297290-2022-07-21T06:36:42.000000Z-1,83.28728333333333,70.9453,2022-10-01 14:52:23+00:00
80.35659166666667,73.13963833333334,0.1,2022-09-28 01:32:33+00:00,0.0,273297290-2022-07-21T06:36:42.000000Z-1,83.28728333333333,70.9453,2022-10-01 14:52:23+00:00
80.36788833333334,73.13950833333334,0.1,2022-09-29 01:38:43+00:00,0.0,273297290-2022-07-21T06:36:42.000000Z-1,83.28728333333333,70.9453,2022-10-01 14:52:23+00:00
80.36744,73.14042666666667,0.1,2022-09-30 00:56:54+00:00,0.0,273297290-2022-07-21T06:36:42.000000Z-1,83.28728333333333,70.9453,2022-10-01 14:52:23+00:00
83.28728333333333,70.9453,157.0,2022-10-01 01:00:13+00:00,11.6,273297290-2022-07-21T06:36:42.000000Z-1,83.28728333333333,70.9453,2022-10-01 14:52:23+00:00
84.13912,69.61285166666667,329.1,2022-10-07 00:01:10+00:00,12.3,273297290-2022-07-21T06:36:42.000000Z-1,43.070705,68.89158666666667,2022-10-11 22:47:22+00:00
78.36610833333333,72.952255,3.5,2022-10-08 00:20:43+00:00,12.0,273297290-2022-07-21T06:36:42.000000Z-1,43.070705,68.89158666666667,2022-10-11 22:47:22+00:00
65.05341,72.59587333333333,226.7,2022-10-09 01:05:52+00:00,11.8,273297290-2022-07-21T06:36:42.000000Z-1,43.070705,68.89158666666667,2022-10-11 22:47:22+00:00
54.15073666666667,70.04192333333333,262.9,2022-10-10 00:42:45+00:00,11.3,273297290-2022-07-21T06:36:42.000000Z-1,43.070705,68.89158666666667,2022-10-11 22:47:22+00:00
43.070705,68.89158666666667,237.2,2022-10-11 00:32:36+00:00,11.1,273297290-2022-07-21T06:36:42.000000Z-1,43.070705,68.89158666666667,2022-10-11 22:47:22+00:00
40.04666666666667,64.98333333333333,180.0,2022-10-20 08:56:54+00:00,0.0,273297290-2022-07-21T06:36:42.000000Z-1,85.52500166666667,69.75384166666666,2022-10-26 04:30:24+00:00
41.10333333333333,66.58666666666666,35.0,2022-10-21 00:50:53+00:00,9.0,273297290-2022-07-21T06:36:42.000000Z-1,85.52500166666667,69.75384166666666,2022-10-26 04:30:24+00:00
44.08734666666667,69.12599166666668,63.8,2022-10-22 00:31:00+00:00,10.0,273297290-2022-07-21T06:36:42.000000Z-1,85.52500166666667,69.75384166666666,2022-10-26 04:30:24+00:00
56.943333333333335,70.135,84.0,2022-10-23 00:08:50+00:00,12.0,273297290-2022-07-21T06:36:42.000000Z-1,85.52500166666667,69.75384166666666,2022-10-26 04:30:24+00:00
68.84783166666666,73.62369166666667,46.4,2022-10-24 00:51:40+00:00,11.9,273297290-2022-07-21T06:36:42.000000Z-1,85.52500166666667,69.75384166666666,2022-10-26 04:30:24+00:00
81.09339333333334,72.17002166666666,121.6,2022-10-25 00:23:33+00:00,12.9,273297290-2022-07-21T06:36:42.000000Z-1,85.52500166666667,69.75384166666666,2022-10-26 04:30:24+00:00
85.52500166666667,69.75384166666666,127.3,2022-10-26 00:03:24+00:00,5.5,273297290-2022-07-21T06:36:42.000000Z-1,85.52500166666667,69.75384166666666,2022-10-26 04:30:24+00:00
83.22060666666667,71.53141666666667,10.1,2022-11-02 00:24:21+00:00,11.5,273297290-2022-07-21T06:36:42.000000Z-1,40.686191666666666,66.39827833333332,2022-11-06 11:18:52+00:00
73.11249500000001,73.83480166666666,270.0,2022-11-03 00:10:01+00:00,11.2,273297290-2022-07-21T06:36:42.000000Z-1,40.686191666666666,66.39827833333332,2022-11-06 11:18:52+00:00
60.84453,71.37620166666667,229.0,2022-11-04 00:39:22+00:00,11.9,273297290-2022-07-21T06:36:42.000000Z-1,40.686191666666666,66.39827833333332,2022-11-06 11:18:52+00:00
49.36791,69.814765,262.1000061035156,2022-11-05 00:00:21+00:00,11.399999618530272,273297290-2022-07-21T06:36:42.000000Z-1,40.686191666666666,66.39827833333332,2022-11-06 11:18:52+00:00
40.686191666666666,66.39827833333332,212.9,2022-11-06 00:42:53+00:00,10.8,273297290-2022-07-21T06:36:42.000000Z-1,40.686191666666666,66.39827833333332,2022-11-06 11:18:52+00:00
41.05895833333333,66.55906166666666,32.5,2022-11-12 01:29:06+00:00,10.9,273297290-2022-07-21T06:36:42.000000Z-1,83.48930666666666,70.68469333333334,2022-11-18 16:46:44+00:00
47.753735,69.70966833333334,65.3,2022-11-13 01:07:43+00:00,9.6,273297290-2022-07-21T06:36:42.000000Z-1,83.48930666666666,70.68469333333334,2022-11-18 16:46:44+00:00
58.70778333333333,70.65557166666667,41.5,2022-11-14 00:13:02+00:00,11.7,273297290-2022-07-21T06:36:42.000000Z-1,83.48930666666666,70.68469333333334,2022-11-18 16:46:44+00:00
71.18104833333334,73.83354666666668,88.9,2022-11-15 00:40:43+00:00,10.3,273297290-2022-07-21T06:36:42.000000Z-1,83.48930666666666,70.68469333333334,2022-11-18 16:46:44+00:00
77.28806833333333,73.76127666666666,0.1,2022-11-16 00:56:41+00:00,0.2,273297290-2022-07-21T06:36:42.000000Z-1,83.48930666666666,70.68469333333334,2022-11-18 16:46:44+00:00
78.32629833333334,73.13787166666665,139.1,2022-11-17 00:02:05+00:00,9.4,273297290-2022-07-21T06:36:42.000000Z-1,83.48930666666666,70.68469333333334,2022-11-18 16:46:44+00:00
83.48930666666666,70.68469333333334,0.1,2022-11-18 00:28:07+00:00,0.0,273297290-2022-07-21T06:36:42.000000Z-1,83.48930666666666,70.68469333333334,2022-11-18 16:46:44+00:00
82.752195,70.24554333333334,27.2,2022-11-25 00:01:10+00:00,11.1,273297290-2022-07-21T06:36:42.000000Z-1,43.23141,68.93328166666667,2022-11-29 23:45:24+00:00
79.389185,73.35272833333333,270.0,2022-11-26 00:03:22+00:00,9.7,273297290-2022-07-21T06:36:42.000000Z-1,43.23141,68.93328166666667,2022-11-29 23:45:24+00:00
65.98031999999999,72.85400166666666,222.3,2022-11-27 00:01:17+00:00,11.9,273297290-2022-07-21T06:36:42.000000Z-1,43.23141,68.93328166666667,2022-11-29 23:45:24+00:00
55.15786166666667,70.09453,262.6,2022-11-28 00:11:36+00:00,9.9,273297290-2022-07-21T06:36:42.000000Z-1,43.23141,68.93328166666667,2022-11-29 23:45:24+00:00
43.23141,68.93328166666667,243.6,2022-11-29 00:05:59+00:00,11.6,273297290-2022-07-21T06:36:42.000000Z-1,43.23141,68.93328166666667,2022-11-29 23:45:24+00:00
40.28382166666667,64.83931333333334,317.3999938964844,2022-12-05 00:04:56+00:00,10.5,273297290-2022-07-21T06:36:42.000000Z-1,83.86507166666667,69.771005,2022-12-12 09:59:42+00:00
44.30166666666667,68.69,93.0,2022-12-06 00:09:00+00:00,12.0,273297290-2022-07-21T06:36:42.000000Z-1,83.86507166666667,69.771005,2022-12-12 09:59:42+00:00
54.82674333333333,69.57400666666668,56.4,2022-12-07 00:45:12+00:00,13.2,273297290-2022-07-21T06:36:42.000000Z-1,83.86507166666667,69.771005,2022-12-12 09:59:42+00:00
66.54228666666667,71.26445833333334,23.6,2022-12-08 00:41:04+00:00,9.5,273297290-2022-07-21T06:36:42.000000Z-1,83.86507166666667,69.771005,2022-12-12 09:59:42+00:00
70.31550666666666,73.82762166666666,60.1,2022-12-09 00:29:03+00:00,8.5,273297290-2022-07-21T06:36:42.000000Z-1,83.86507166666667,69.771005,2022-12-12 09:59:42+00:00
77.93747,73.491555,159.2,2022-12-10 00:18:54+00:00,4.1,273297290-2022-07-21T06:36:42.000000Z-1,83.86507166666667,69.771005,2022-12-12 09:59:42+00:00
82.20171,72.08711666666666,110.5,2022-12-11 00:11:51+00:00,8.9,273297290-2022-07-21T06:36:42.000000Z-1,83.86507166666667,69.771005,2022-12-12 09:59:42+00:00
83.86507166666667,69.771005,134.2,2022-12-12 00:00:01+00:00,7.1,273297290-2022-07-21T06:36:42.000000Z-1,83.86507166666667,69.771005,2022-12-12 09:59:42+00:00
85.76936,69.62855333333333,0.1,2022-12-22 00:54:07+00:00,0.0,273297290-2022-07-21T06:36:42.000000Z-1,41.915,68.005,2022-12-28 22:29:14+00:00
83.155,70.35666666666665,54.0,2022-12-23 00:01:21+00:00,9.0,273297290-2022-07-21T06:36:42.000000Z-1,41.915,68.005,2022-12-28 22:29:14+00:00
79.96147833333333,72.42027,304.9,2022-12-24 01:07:25+00:00,8.3,273297290-2022-07-21T06:36:42.000000Z-1,41.915,68.005,2022-12-28 22:29:14+00:00
74.97894833333334,73.88428833333334,270.0,2022-12-25 00:06:35+00:00,8.8,273297290-2022-07-21T06:36:42.000000Z-1,41.915,68.005,2022-12-28 22:29:14+00:00
66.09954499999999,72.58943500000001,181.1,2022-12-26 00:05:54+00:00,11.1,273297290-2022-07-21T06:36:42.000000Z-1,41.915,68.005,2022-12-28 22:29:14+00:00
52.70216666666667,69.979975,262.9,2022-12-27 01:25:34+00:00,12.8,273297290-2022-07-21T06:36:42.000000Z-1,41.915,68.005,2022-12-28 22:29:14+00:00
41.915,68.005,204.0,2022-12-28 00:43:17+00:00,11.0,273297290-2022-07-21T06:36:42.000000Z-1,41.915,68.005,2022-12-28 22:29:14+00:00
41.658955,67.01026166666666,348.79998779296875,2023-01-30 00:08:09+00:00,12.399999618530272,273297290-2022-07-21T06:36:42.000000Z-1,41.658955,67.01026166666666,2023-01-30 23:12:25+00:00
44.92856,68.90701333333334,99.6999969482422,2023-02-08 00:11:12+00:00,11.699999809265137,273297290-2022-07-21T06:36:42.000000Z-1,83.42683833333334,70.83787833333334,2023-02-13 19:02:29+00:00
54.241035,69.42793166666667,27.799999237060547,2023-02-09 00:10:56+00:00,11.899999618530272,273297290-2022-07-21T06:36:42.000000Z-1,83.42683833333334,70.83787833333334,2023-02-13 19:02:29+00:00
60.57290166666667,71.07605166666667,62.900001525878906,2023-02-10 01:06:19+00:00,1.899999976158142,273297290-2022-07-21T06:36:42.000000Z-1,83.42683833333334,70.83787833333334,2023-02-13 19:02:29+00:00
67.15389833333333,72.72533333333334,22.5,2023-02-11 00:28:02+00:00,10.199999809265137,273297290-2022-07-21T06:36:42.000000Z-1,83.42683833333334,70.83787833333334,2023-02-13 19:02:29+00:00
79.72801166666666,73.21784166666667,134.6999969482422,2023-02-12 00:37:29+00:00,9.300000190734863,273297290-2022-07-21T06:36:42.000000Z-1,83.42683833333334,70.83787833333334,2023-02-13 19:02:29+00:00
83.42683833333334,70.83787833333334,158.1999969482422,2023-02-13 00:21:10+00:00,7.199999809265137,273297290-2022-07-21T06:36:42.000000Z-1,83.42683833333334,70.83787833333334,2023-02-13 19:02:29+00:00
83.02867166666667,71.30230333333333,0.1000000014901161,2023-02-22 00:20:59+00:00,9.100000381469728,273297290-2022-07-21T06:36:42.000000Z-1,37.08808333333333,69.73785666666667,2023-02-27 19:06:20+00:00
79.20470833333333,73.38645333333334,320.6000061035156,2023-02-23 00:04:39+00:00,8.899999618530273,273297290-2022-07-21T06:36:42.000000Z-1,37.08808333333333,69.73785666666667,2023-02-27 19:06:20+00:00
72.82972666666667,75.77820166666666,309.79998779296875,2023-02-24 00:43:33+00:00,0.5,273297290-2022-07-21T06:36:42.000000Z-1,37.08808333333333,69.73785666666667,2023-02-27 19:06:20+00:00
58.67479,76.37444166666667,242.6999969482422,2023-02-25 00:03:31+00:00,12.300000190734863,273297290-2022-07-21T06:36:42.000000Z-1,37.08808333333333,69.73785666666667,2023-02-27 19:06:20+00:00
48.79,72.34833333333333,206.0,2023-02-26 00:03:53+00:00,12.0,273297290-2022-07-21T06:36:42.000000Z-1,37.08808333333333,69.73785666666667,2023-02-27 19:06:20+00:00
37.08808333333333,69.73785666666667,243.3000030517578,2023-02-27 00:24:02+00:00,11.5,273297290-2022-07-21T06:36:42.000000Z-1,37.08808333333333,69.73785666666667,2023-02-27 19:06:20+00:00
40.669215,71.40819166666667,44.79999923706055,2023-03-11 01:08:53+00:00,13.199999809265137,273297290-2022-07-21T06:36:42.000000Z-1,40.241225,70.25120166666666,2023-04-12 21:53:59+00:00
51.89125833333333,74.97677833333333,43.5,2023-03-12 00:10:27+00:00,12.5,273297290-2022-07-21T06:36:42.000000Z-1,40.241225,70.25120166666666,2023-04-12 21:53:59+00:00
67.97932166666666,77.30101833333333,90.0,2023-03-13 00:02:04+00:00,9.699999809265137,273297290-2022-07-21T06:36:42.000000Z-1,40.241225,70.25120166666666,2023-04-12 21:53:59+00:00
68.68747166666667,77.54603333333333,299.1000061035156,2023-03-14 00:53:14+00:00,1.0,273297290-2022-07-21T06:36:42.000000Z-1,40.241225,70.25120166666666,2023-04-12 21:53:59+00:00
68.47693833333334,77.37826,180.0,2023-03-15 00:23:33+00:00,0.3000000119209289,273297290-2022-07-21T06:36:42.000000Z-1,40.241225,70.25120166666666,2023-04-12 21:53:59+00:00
68.27068166666666,77.40444,180.0,2023-03-16 00:26:03+00:00,0.699999988079071,273297290-2022-07-21T06:36:42.000000Z-1,40.241225,70.25120166666666,2023-04-12 21:53:59+00:00
73.52405833333333,75.085155,180.0,2023-03-17 00:14:55+00:00,3.799999952316284,273297290-2022-07-21T06:36:42.000000Z-1,40.241225,70.25120166666666,2023-04-12 21:53:59+00:00
79.579645,73.24536666666667,156.0,2023-03-18 00:05:14+00:00,9.100000381469728,273297290-2022-07-21T06:36:42.000000Z-1,40.241225,70.25120166666666,2023-04-12 21:53:59+00:00
83.471735,70.63690666666666,180.0,2023-03-19 00:09:56+00:00,7.800000190734863,273297290-2022-07-21T06:36:42.000000Z-1,40.241225,70.25120166666666,2023-04-12 21:53:59+00:00
83.08475,70.0815,0.1000000014901161,2023-03-20 00:56:06+00:00,0.0,273297290-2022-07-21T06:36:42.000000Z-1,40.241225,70.25120166666666,2023-04-12 21:53:59+00:00
83.08477166666667,70.08150333333333,0.1000000014901161,2023-03-21 00:36:59+00:00,0.0,273297290-2022-07-21T06:36:42.000000Z-1,40.241225,70.25120166666666,2023-04-12 21:53:59+00:00
83.08473166666667,70.08149666666667,0.1000000014901161,2023-03-22 01:04:03+00:00,0.0,273297290-2022-07-21T06:36:42.000000Z-1,40.241225,70.25120166666666,2023-04-12 21:53:59+00:00
83.08473666666667,70.08148,0.1000000014901161,2023-03-23 00:00:16+00:00,0.0,273297290-2022-07-21T06:36:42.000000Z-1,40.241225,70.25120166666666,2023-04-12 21:53:59+00:00
83.084765,70.08149166666666,0.1000000014901161,2023-03-24 01:07:06+00:00,0.0,273297290-2022-07-21T06:36:42.000000Z-1,40.241225,70.25120166666666,2023-04-12 21:53:59+00:00
83.08472,70.08148833333334,0.1000000014901161,2023-03-25 00:43:45+00:00,0.0,273297290-2022-07-21T06:36:42.000000Z-1,40.241225,70.25120166666666,2023-04-12 21:53:59+00:00
83.08473666666667,70.08147833333334,0.1000000014901161,2023-03-26 01:02:07+00:00,0.0,273297290-2022-07-21T06:36:42.000000Z-1,40.241225,70.25120166666666,2023-04-12 21:53:59+00:00
83.08479833333334,70.081475,0.1000000014901161,2023-03-27 00:51:12+00:00,0.0,273297290-2022-07-21T06:36:42.000000Z-1,40.241225,70.25120166666666,2023-04-12 21:53:59+00:00
83.08474,70.08149166666666,0.1000000014901161,2023-03-28 00:22:34+00:00,0.0,273297290-2022-07-21T06:36:42.000000Z-1,40.241225,70.25120166666666,2023-04-12 21:53:59+00:00
83.08474666666666,70.081505,0.1000000014901161,2023-03-29 00:07:39+00:00,0.0,273297290-2022-07-21T06:36:42.000000Z-1,40.241225,70.25120166666666,2023-04-12 21:53:59+00:00
83.08475166666666,70.08152,0.1000000014901161,2023-03-30 00:01:33+00:00,0.0,273297290-2022-07-21T06:36:42.000000Z-1,40.241225,70.25120166666666,2023-04-12 21:53:59+00:00
83.084865,70.08147,16.0,2023-03-31 00:45:24+00:00,0.0,273297290-2022-07-21T06:36:42.000000Z-1,40.241225,70.25120166666666,2023-04-12 21:53:59+00:00
83.08488,70.08151,345.20001220703125,2023-04-01 00:39:06+00:00,0.0,273297290-2022-07-21T06:36:42.000000Z-1,40.241225,70.25120166666666,2023-04-12 21:53:59+00:00
83.08480666666667,70.081515,248.8000030517578,2023-04-02 00:40:04+00:00,0.0,273297290-2022-07-21T06:36:42.000000Z-1,40.241225,70.25120166666666,2023-04-12 21:53:59+00:00
83.08475,70.08149166666666,248.8000030517578,2023-04-03 00:00:05+00:00,0.0,273297290-2022-07-21T06:36:42.000000Z-1,40.241225,70.25120166666666,2023-04-12 21:53:59+00:00
83.08477666666667,70.0815,248.8000030517578,2023-04-04 00:51:43+00:00,0.0,273297290-2022-07-21T06:36:42.000000Z-1,40.241225,70.25120166666666,2023-04-12 21:53:59+00:00
83.08478666666667,70.081515,215.1999969482422,2023-04-05 00:00:22+00:00,0.0,273297290-2022-07-21T06:36:42.000000Z-1,40.241225,70.25120166666666,2023-04-12 21:53:59+00:00
83.08472833333333,70.08151166666667,124.5999984741211,2023-04-06 00:12:14+00:00,0.0,273297290-2022-07-21T06:36:42.000000Z-1,40.241225,70.25120166666666,2023-04-12 21:53:59+00:00
83.30642833333333,70.93792,337.3999938964844,2023-04-07 00:06:07+00:00,8.300000190734863,273297290-2022-07-21T06:36:42.000000Z-1,40.241225,70.25120166666666,2023-04-12 21:53:59+00:00
79.44878,73.422425,338.0,2023-04-08 00:00:14+00:00,9.199999809265137,273297290-2022-07-21T06:36:42.000000Z-1,40.241225,70.25120166666666,2023-04-12 21:53:59+00:00
73.24945833333334,76.63306333333334,264.3999938964844,2023-04-09 00:05:07+00:00,10.600000381469728,273297290-2022-07-21T06:36:42.000000Z-1,40.241225,70.25120166666666,2023-04-12 21:53:59+00:00
58.85166666666667,76.42833333333333,249.0,2023-04-10 00:00:04+00:00,10.0,273297290-2022-07-21T06:36:42.000000Z-1,40.241225,70.25120166666666,2023-04-12 21:53:59+00:00
50.67189833333333,72.42214666666666,201.8999938964844,2023-04-11 01:17:16+00:00,12.199999809265137,273297290-2022-07-21T06:36:42.000000Z-1,40.241225,70.25120166666666,2023-04-12 21:53:59+00:00
40.241225,70.25120166666666,233.5,2023-04-12 00:15:32+00:00,9.100000381469728,273297290-2022-07-21T06:36:42.000000Z-1,40.241225,70.25120166666666,2023-04-12 21:53:59+00:00
42.98800833333333,71.639695,33.599998474121094,2023-04-25 04:46:01+00:00,13.399999618530272,273297290-2022-07-21T06:36:42.000000Z-1,35.57358833333333,69.79460666666667,2023-06-01 06:58:46+00:00
51.63324,75.03371833333334,54.900001525878906,2023-04-26 00:25:23+00:00,12.199999809265137,273297290-2022-07-21T06:36:42.000000Z-1,35.57358833333333,69.79460666666667,2023-06-01 06:58:46+00:00
68.22733833333334,77.40025333333334,220.1000061035156,2023-04-27 00:36:03+00:00,0.800000011920929,273297290-2022-07-21T06:36:42.000000Z-1,35.57358833333333,69.79460666666667,2023-06-01 06:58:46+00:00
67.87223166666666,77.36260833333333,0.1000000014901161,2023-04-28 00:39:44+00:00,0.2000000029802322,273297290-2022-07-21T06:36:42.000000Z-1,35.57358833333333,69.79460666666667,2023-06-01 06:58:46+00:00
67.84834666666667,77.32709,0.1000000014901161,2023-04-29 00:56:01+00:00,0.2000000029802322,273297290-2022-07-21T06:36:42.000000Z-1,35.57358833333333,69.79460666666667,2023-06-01 06:58:46+00:00
69.68096,77.14393,135.6999969482422,2023-04-30 00:03:02+00:00,8.800000190734863,273297290-2022-07-21T06:36:42.000000Z-1,35.57358833333333,69.79460666666667,2023-06-01 06:58:46+00:00
77.35672,74.58267666666667,148.3000030517578,2023-05-01 00:00:06+00:00,12.0,273297290-2022-07-21T06:36:42.000000Z-1,35.57358833333333,69.79460666666667,2023-06-01 06:58:46+00:00
80.05116166666667,72.79218333333333,0.1000000014901161,2023-05-02 00:42:01+00:00,0.0,273297290-2022-07-21T06:36:42.000000Z-1,35.57358833333333,69.79460666666667,2023-06-01 06:58:46+00:00
83.17171666666667,71.77622833333334,0.1000000014901161,2023-05-03 00:42:37+00:00,0.0,273297290-2022-07-21T06:36:42.000000Z-1,35.57358833333333,69.79460666666667,2023-06-01 06:58:46+00:00
83.30736166666667,71.764665,0.1000000014901161,2023-05-04 00:12:25+00:00,0.0,273297290-2022-07-21T06:36:42.000000Z-1,35.57358833333333,69.79460666666667,2023-06-01 06:58:46+00:00
83.30731333333334,71.76466166666667,0.1000000014901161,2023-05-05 01:03:35+00:00,0.0,273297290-2022-07-21T06:36:42.000000Z-1,35.57358833333333,69.79460666666667,2023-06-01 06:58:46+00:00
83.30731,71.76468166666666,0.1000000014901161,2023-05-06 00:00:45+00:00,0.0,273297290-2022-07-21T06:36:42.000000Z-1,35.57358833333333,69.79460666666667,2023-06-01 06:58:46+00:00
83.30731,71.76465333333333,0.1000000014901161,2023-05-07 01:00:59+00:00,0.0,273297290-2022-07-21T06:36:42.000000Z-1,35.57358833333333,69.79460666666667,2023-06-01 06:58:46+00:00
83.30725666666666,71.76466833333333,0.1000000014901161,2023-05-08 00:31:11+00:00,0.0,273297290-2022-07-21T06:36:42.000000Z-1,35.57358833333333,69.79460666666667,2023-06-01 06:58:46+00:00
83.30731666666667,71.76466,0.1000000014901161,2023-05-09 01:19:27+00:00,0.0,273297290-2022-07-21T06:36:42.000000Z-1,35.57358833333333,69.79460666666667,2023-06-01 06:58:46+00:00
83.30732166666667,71.76468666666666,0.1000000014901161,2023-05-10 00:55:43+00:00,0.0,273297290-2022-07-21T06:36:42.000000Z-1,35.57358833333333,69.79460666666667,2023-06-01 06:58:46+00:00
83.3073,71.76466833333333,0.1000000014901161,2023-05-11 00:16:53+00:00,0.0,273297290-2022-07-21T06:36:42.000000Z-1,35.57358833333333,69.79460666666667,2023-06-01 06:58:46+00:00
83.30729,71.76466833333333,0.1000000014901161,2023-05-12 00:02:06+00:00,0.0,273297290-2022-07-21T06:36:42.000000Z-1,35.57358833333333,69.79460666666667,2023-06-01 06:58:46+00:00
83.30728166666667,71.764635,0.1000000014901161,2023-05-13 00:59:21+00:00,0.0,273297290-2022-07-21T06:36:42.000000Z-1,35.57358833333333,69.79460666666667,2023-06-01 06:58:46+00:00
83.30666666666667,71.76333333333334,0.0,2023-05-14 00:30:19+00:00,0.0,273297290-2022-07-21T06:36:42.000000Z-1,35.57358833333333,69.79460666666667,2023-06-01 06:58:46+00:00
83.30733,71.76466333333333,0.1000000014901161,2023-05-15 00:47:42+00:00,0.0,273297290-2022-07-21T06:36:42.000000Z-1,35.57358833333333,69.79460666666667,2023-06-01 06:58:46+00:00
83.269845,71.74798333333334,0.1000000014901161,2023-05-16 01:00:56+00:00,0.0,273297290-2022-07-21T06:36:42.000000Z-1,35.57358833333333,69.79460666666667,2023-06-01 06:58:46+00:00
83.26982333333333,71.74795166666667,0.1000000014901161,2023-05-17 00:25:41+00:00,0.0,273297290-2022-07-21T06:36:42.000000Z-1,35.57358833333333,69.79460666666667,2023-06-01 06:58:46+00:00
83.27030666666667,71.74748833333334,0.1000000014901161,2023-05-18 00:04:02+00:00,0.0,273297290-2022-07-21T06:36:42.000000Z-1,35.57358833333333,69.79460666666667,2023-06-01 06:58:46+00:00
83.27037166666666,71.74748166666667,0.1000000014901161,2023-05-19 00:33:50+00:00,0.0,273297290-2022-07-21T06:36:42.000000Z-1,35.57358833333333,69.79460666666667,2023-06-01 06:58:46+00:00
83.27037333333334,71.74745666666666,0.1000000014901161,2023-05-20 00:42:10+00:00,0.0,273297290-2022-07-21T06:36:42.000000Z-1,35.57358833333333,69.79460666666667,2023-06-01 06:58:46+00:00
83.27038833333333,71.74744666666666,0.1000000014901161,2023-05-21 00:35:51+00:00,0.0,273297290-2022-07-21T06:36:42.000000Z-1,35.57358833333333,69.79460666666667,2023-06-01 06:58:46+00:00
83.27050166666666,71.74734333333333,0.1000000014901161,2023-05-22 01:10:10+00:00,0.0,273297290-2022-07-21T06:36:42.000000Z-1,35.57358833333333,69.79460666666667,2023-06-01 06:58:46+00:00
83.2734,71.74504,0.1000000014901161,2023-05-23 00:59:00+00:00,0.0,273297290-2022-07-21T06:36:42.000000Z-1,35.57358833333333,69.79460666666667,2023-06-01 06:58:46+00:00
83.27347666666667,71.74505,0.1000000014901161,2023-05-24 00:41:29+00:00,0.0,273297290-2022-07-21T06:36:42.000000Z-1,35.57358833333333,69.79460666666667,2023-06-01 06:58:46+00:00
83.27189,71.746195,0.1000000014901161,2023-05-25 00:28:00+00:00,0.0,273297290-2022-07-21T06:36:42.000000Z-1,35.57358833333333,69.79460666666667,2023-06-01 06:58:46+00:00
83.271935,71.74625833333333,0.1000000014901161,2023-05-26 00:10:40+00:00,0.0,273297290-2022-07-21T06:36:42.000000Z-1,35.57358833333333,69.79460666666667,2023-06-01 06:58:46+00:00
79.70838666666667,72.91287166666666,341.0,2023-05-27 00:24:15+00:00,9.800000190734863,273297290-2022-07-21T06:36:42.000000Z-1,35.57358833333333,69.79460666666667,2023-06-01 06:58:46+00:00
77.25913,74.27772166666666,0.1000000014901161,2023-05-28 01:02:33+00:00,0.0,273297290-2022-07-21T06:36:42.000000Z-1,35.57358833333333,69.79460666666667,2023-06-01 06:58:46+00:00
73.51852833333334,75.99034166666667,344.5,2023-05-29 00:05:10+00:00,12.100000381469728,273297290-2022-07-21T06:36:42.000000Z-1,35.57358833333333,69.79460666666667,2023-06-01 06:58:46+00:00
56.5234,76.7959,254.3999938964844,2023-05-30 00:44:11+00:00,11.800000190734863,273297290-2022-07-21T06:36:42.000000Z-1,35.57358833333333,69.79460666666667,2023-06-01 06:58:46+00:00
45.45937166666667,73.272465,208.6999969482422,2023-05-31 00:18:09+00:00,10.199999809265137,273297290-2022-07-21T06:36:42.000000Z-1,35.57358833333333,69.79460666666667,2023-06-01 06:58:46+00:00
35.57358833333333,69.79460666666667,227.8000030517578,2023-06-01 00:30:53+00:00,11.5,273297290-2022-07-21T06:36:42.000000Z-1,35.57358833333333,69.79460666666667,2023-06-01 06:58:46+00:00
36.781565,69.58612333333333,87.0,2023-06-16 02:41:02+00:00,12.699999809265137,273297290-2023-06-05T13:29:42.000000Z-1,40.00666666666667,65.07333333333334,2023-08-01 15:13:14+00:00
49.571403333333336,69.94490666666667,84.80000305175781,2023-06-17 00:51:51+00:00,12.0,273297290-2023-06-05T13:29:42.000000Z-1,40.00666666666667,65.07333333333334,2023-08-01 15:13:14+00:00
61.58308666666667,71.82632666666667,37.20000076293945,2023-06-18 00:13:43+00:00,12.0,273297290-2023-06-05T13:29:42.000000Z-1,40.00666666666667,65.07333333333334,2023-08-01 15:13:14+00:00
74.92539833333333,73.810235,110.6999969482422,2023-06-19 00:42:02+00:00,11.5,273297290-2023-06-05T13:29:42.000000Z-1,40.00666666666667,65.07333333333334,2023-08-01 15:13:14+00:00
80.40084833333333,73.13658833333334,0.1000000014901161,2023-06-20 02:28:34+00:00,0.0,273297290-2023-06-05T13:29:42.000000Z-1,40.00666666666667,65.07333333333334,2023-08-01 15:13:14+00:00
80.39833333333333,73.135,0.0,2023-06-21 04:23:12+00:00,0.0,273297290-2023-06-05T13:29:42.000000Z-1,40.00666666666667,65.07333333333334,2023-08-01 15:13:14+00:00
80.403735,73.13841166666667,0.1000000014901161,2023-06-22 03:08:02+00:00,0.0,273297290-2023-06-05T13:29:42.000000Z-1,40.00666666666667,65.07333333333334,2023-08-01 15:13:14+00:00
80.40420666666667,73.13931333333333,0.1000000014901161,2023-06-23 01:29:14+00:00,0.0,273297290-2023-06-05T13:29:42.000000Z-1,40.00666666666667,65.07333333333334,2023-08-01 15:13:14+00:00
80.39646333333333,73.13684833333333,0.1000000014901161,2023-06-24 03:59:28+00:00,0.0,273297290-2023-06-05T13:29:42.000000Z-1,40.00666666666667,65.07333333333334,2023-08-01 15:13:14+00:00
80.40166666666667,73.13833333333334,0.0,2023-06-25 01:14:08+00:00,0.0,273297290-2023-06-05T13:29:42.000000Z-1,40.00666666666667,65.07333333333334,2023-08-01 15:13:14+00:00
80.39570166666667,73.138255,0.1000000014901161,2023-06-26 03:11:54+00:00,0.0,273297290-2023-06-05T13:29:42.000000Z-1,40.00666666666667,65.07333333333334,2023-08-01 15:13:14+00:00
80.396135,73.13685833333334,0.1000000014901161,2023-06-27 00:42:05+00:00,0.0,273297290-2023-06-05T13:29:42.000000Z-1,40.00666666666667,65.07333333333334,2023-08-01 15:13:14+00:00
80.39666666666666,73.13666666666667,0.0,2023-06-28 01:53:02+00:00,0.0,273297290-2023-06-05T13:29:42.000000Z-1,40.00666666666667,65.07333333333334,2023-08-01 15:13:14+00:00
80.40060833333334,73.13663833333334,0.1000000014901161,2023-06-29 05:00:37+00:00,0.0,273297290-2023-06-05T13:29:42.000000Z-1,40.00666666666667,65.07333333333334,2023-08-01 15:13:14+00:00
80.398075,73.13956666666667,0.1000000014901161,2023-06-30 00:24:43+00:00,0.0,273297290-2023-06-05T13:29:42.000000Z-1,40.00666666666667,65.07333333333334,2023-08-01 15:13:14+00:00
80.39499166666667,73.13795,0.1000000014901161,2023-07-01 00:30:55+00:00,0.0,273297290-2023-06-05T13:29:42.000000Z-1,40.00666666666667,65.07333333333334,2023-08-01 15:13:14+00:00
80.40098666666667,73.13669333333333,0.1000000014901161,2023-07-02 01:43:09+00:00,0.0,273297290-2023-06-05T13:29:42.000000Z-1,40.00666666666667,65.07333333333334,2023-08-01 15:13:14+00:00
80.40230333333334,73.13944,0.1000000014901161,2023-07-03 00:13:22+00:00,0.0,273297290-2023-06-05T13:29:42.000000Z-1,40.00666666666667,65.07333333333334,2023-08-01 15:13:14+00:00
80.39871833333333,73.13784166666667,0.1000000014901161,2023-07-04 00:07:32+00:00,0.4000000059604645,273297290-2023-06-05T13:29:42.000000Z-1,40.00666666666667,65.07333333333334,2023-08-01 15:13:14+00:00
80.39870833333333,73.14007666666667,0.1000000014901161,2023-07-05 00:22:48+00:00,0.0,273297290-2023-06-05T13:29:42.000000Z-1,40.00666666666667,65.07333333333334,2023-08-01 15:13:14+00:00
80.40198833333334,73.13931833333334,0.1000000014901161,2023-07-06 02:17:00+00:00,0.0,273297290-2023-06-05T13:29:42.000000Z-1,40.00666666666667,65.07333333333334,2023-08-01 15:13:14+00:00
80.35446833333333,73.15709833333334,0.1000000014901161,2023-07-07 04:30:28+00:00,4.300000190734863,273297290-2023-06-05T13:29:42.000000Z-1,40.00666666666667,65.07333333333334,2023-08-01 15:13:14+00:00
80.41203,73.16440166666666,0.1000000014901161,2023-07-08 04:02:24+00:00,0.0,273297290-2023-06-05T13:29:42.000000Z-1,40.00666666666667,65.07333333333334,2023-08-01 15:13:14+00:00
80.41142333333333,73.16433833333333,0.1000000014901161,2023-07-09 03:44:35+00:00,0.0,273297290-2023-06-05T13:29:42.000000Z-1,40.00666666666667,65.07333333333334,2023-08-01 15:13:14+00:00
80.41166666666666,73.16333333333333,0.0,2023-07-10 01:49:48+00:00,0.0,273297290-2023-06-05T13:29:42.000000Z-1,40.00666666666667,65.07333333333334,2023-08-01 15:13:14+00:00
80.41204,73.16440666666666,0.1000000014901161,2023-07-11 01:33:00+00:00,0.0,273297290-2023-06-05T13:29:42.000000Z-1,40.00666666666667,65.07333333333334,2023-08-01 15:13:14+00:00
80.41210833333334,73.164395,0.1000000014901161,2023-07-12 01:30:13+00:00,0.0,273297290-2023-06-05T13:29:42.000000Z-1,40.00666666666667,65.07333333333334,2023-08-01 15:13:14+00:00
80.412205,73.16441166666667,0.1000000014901161,2023-07-13 00:24:25+00:00,0.0,273297290-2023-06-05T13:29:42.000000Z-1,40.00666666666667,65.07333333333334,2023-08-01 15:13:14+00:00
80.41214333333333,73.16438333333333,0.1000000014901161,2023-07-14 01:12:37+00:00,0.0,273297290-2023-06-05T13:29:42.000000Z-1,40.00666666666667,65.07333333333334,2023-08-01 15:13:14+00:00
80.412135,73.16439833333334,0.1000000014901161,2023-07-15 00:09:48+00:00,0.0,273297290-2023-06-05T13:29:42.000000Z-1,40.00666666666667,65.07333333333334,2023-08-01 15:13:14+00:00
80.41166666666666,73.16333333333333,0.0,2023-07-16 00:49:43+00:00,0.0,273297290-2023-06-05T13:29:42.000000Z-1,40.00666666666667,65.07333333333334,2023-08-01 15:13:14+00:00
77.78508166666667,73.95813333333334,268.8999938964844,2023-07-17 00:33:09+00:00,12.699999809265137,273297290-2023-06-05T13:29:42.000000Z-1,40.00666666666667,65.07333333333334,2023-08-01 15:13:14+00:00
64.67267333333334,72.53750333333333,225.5,2023-07-18 00:37:13+00:00,12.699999809265137,273297290-2023-06-05T13:29:42.000000Z-1,40.00666666666667,65.07333333333334,2023-08-01 15:13:14+00:00
52.663313333333335,69.25054166666666,239.3999938964844,2023-07-19 00:45:45+00:00,12.800000190734863,273297290-2023-06-05T13:29:42.000000Z-1,40.00666666666667,65.07333333333334,2023-08-01 15:13:14+00:00
48.723333333333336,68.66,0.0,2023-07-25 01:22:31+00:00,0.0,273297290-2023-07-25T01:22:31.000000Z-1,40.00666666666667,65.07333333333334,2023-08-01 15:13:14+00:00
48.72,68.66,0.0,2023-07-26 00:28:29+00:00,0.0,273297290-2023-07-25T01:22:31.000000Z-1,40.00666666666667,65.07333333333334,2023-08-01 15:13:14+00:00
48.723333333333336,68.66,0.0,2023-07-27 01:25:26+00:00,0.0,273297290-2023-07-25T01:22:31.000000Z-1,40.00666666666667,65.07333333333334,2023-08-01 15:13:14+00:00
48.725,68.66,0.0,2023-07-28 02:22:25+00:00,0.0,273297290-2023-07-25T01:22:31.000000Z-1,40.00666666666667,65.07333333333334,2023-08-01 15:13:14+00:00
41.53516666666667,67.01178833333333,170.6999969482422,2023-07-29 10:28:53+00:00,8.899999618530273,273297290-2023-07-25T01:22:31.000000Z-1,40.00666666666667,65.07333333333334,2023-08-01 15:13:14+00:00
40.0,65.075,153.0,2023-07-30 01:10:17+00:00,0.0,273297290-2023-07-25T01:22:31.000000Z-1,40.00666666666667,65.07333333333334,2023-08-01 15:13:14+00:00
40.0,65.075,0.0,2023-07-31 00:25:17+00:00,0.0,273297290-2023-07-25T01:22:31.000000Z-1,40.00666666666667,65.07333333333334,2023-08-01 15:13:14+00:00
40.00666666666667,65.07333333333334,0.0,2023-08-01 01:31:14+00:00,0.0,273297290-2023-07-25T01:22:31.000000Z-1,40.00666666666667,65.07333333333334,2023-08-01 15:13:14+00:00
42.28466,68.27702833333333,20.0,2023-08-17 01:14:27+00:00,13.699999809265137,273297290-2023-07-25T01:22:31.000000Z-1,72.233305,71.32394833333333,2023-08-20 00:41:25+00:00
56.048365,70.11454333333333,84.9000015258789,2023-08-18 03:13:27+00:00,12.399999618530272,273297290-2023-07-25T01:22:31.000000Z-1,72.233305,71.32394833333333,2023-08-20 00:41:25+00:00
66.20852833333333,72.96514,43.70000076293945,2023-08-19 00:57:52+00:00,12.300000190734863,273297290-2023-07-25T01:22:31.000000Z-1,72.233305,71.32394833333333,2023-08-20 00:41:25+00:00
72.233305,71.32394833333333,182.1000061035156,2023-08-20 00:21:37+00:00,2.0999999046325684,273297290-2023-07-25T01:22:31.000000Z-1,72.233305,71.32394833333333,2023-08-20 00:41:25+00:00
72.94999833333334,71.96194,6.900000095367432,2023-08-27 00:38:35+00:00,11.5,273297290-2023-07-25T01:22:31.000000Z-1,36.580365,69.51031666666667,2023-08-30 08:31:31+00:00
63.78,72.14333333333333,227.0,2023-08-28 00:45:48+00:00,12.0,273297290-2023-07-25T01:22:31.000000Z-1,36.580365,69.51031666666667,2023-08-30 08:31:31+00:00
51.19166666666667,69.96,262.0,2023-08-29 00:12:42+00:00,13.0,273297290-2023-07-25T01:22:31.000000Z-1,36.580365,69.51031666666667,2023-08-30 08:31:31+00:00
36.580365,69.51031666666667,272.3999938964844,2023-08-30 00:08:11+00:00,13.0,273297290-2023-07-25T01:22:31.000000Z-1,36.580365,69.51031666666667,2023-08-30 08:31:31+00:00
43.700903333333336,69.70272833333334,84.0999984741211,2023-09-10 00:46:21+00:00,13.0,273297290-2023-07-25T01:22:31.000000Z-1,83.19333333333333,70.05666666666667,2023-09-25 19:39:34+00:00
58.625818333333335,70.636105,44.400001525878906,2023-09-11 01:41:29+00:00,13.399999618530272,273297290-2023-07-25T01:22:31.000000Z-1,83.19333333333333,70.05666666666667,2023-09-25 19:39:34+00:00
70.57917166666667,73.706585,82.30000305175781,2023-09-12 01:11:05+00:00,12.199999809265137,273297290-2023-07-25T01:22:31.000000Z-1,83.19333333333333,70.05666666666667,2023-09-25 19:39:34+00:00
82.57970833333333,71.914195,177.10000610351562,2023-09-13 00:17:13+00:00,11.5,273297290-2023-07-25T01:22:31.000000Z-1,83.19333333333333,70.05666666666667,2023-09-25 19:39:34+00:00
83.195,70.06166666666667,0.0,2023-09-14 00:08:07+00:00,0.0,273297290-2023-07-25T01:22:31.000000Z-1,83.19333333333333,70.05666666666667,2023-09-25 19:39:34+00:00
83.18666666666667,70.06166666666667,0.0,2023-09-15 01:56:06+00:00,0.0,273297290-2023-07-25T01:22:31.000000Z-1,83.19333333333333,70.05666666666667,2023-09-25 19:39:34+00:00
83.18474666666667,70.061905,0.1000000014901161,2023-09-16 00:15:44+00:00,0.3000000119209289,273297290-2023-07-25T01:22:31.000000Z-1,83.19333333333333,70.05666666666667,2023-09-25 19:39:34+00:00
83.18589333333334,70.06224833333333,0.1000000014901161,2023-09-17 01:33:57+00:00,0.0,273297290-2023-07-25T01:22:31.000000Z-1,83.19333333333333,70.05666666666667,2023-09-25 19:39:34+00:00
83.18538,70.062675,0.1000000014901161,2023-09-18 06:16:12+00:00,0.0,273297290-2023-07-25T01:22:31.000000Z-1,83.19333333333333,70.05666666666667,2023-09-25 19:39:34+00:00
83.19166666666666,70.05833333333334,0.0,2023-09-19 01:35:02+00:00,0.0,273297290-2023-07-25T01:22:31.000000Z-1,83.19333333333333,70.05666666666667,2023-09-25 19:39:34+00:00
83.18613333333333,70.063295,0.1000000014901161,2023-09-20 01:34:40+00:00,0.0,273297290-2023-07-25T01:22:31.000000Z-1,83.19333333333333,70.05666666666667,2023-09-25 19:39:34+00:00
83.18867,70.06326333333334,0.1000000014901161,2023-09-21 01:01:52+00:00,0.0,273297290-2023-07-25T01:22:31.000000Z-1,83.19333333333333,70.05666666666667,2023-09-25 19:39:34+00:00
83.18419666666667,70.06122666666667,0.1000000014901161,2023-09-22 00:50:06+00:00,0.0,273297290-2023-07-25T01:22:31.000000Z-1,83.19333333333333,70.05666666666667,2023-09-25 19:39:34+00:00
83.18809333333333,70.05935333333333,0.1000000014901161,2023-09-23 00:23:13+00:00,0.2000000029802322,273297290-2023-07-25T01:22:31.000000Z-1,83.19333333333333,70.05666666666667,2023-09-25 19:39:34+00:00
83.18578333333333,70.06092166666667,0.1000000014901161,2023-09-24 01:02:31+00:00,0.0,273297290-2023-07-25T01:22:31.000000Z-1,83.19333333333333,70.05666666666667,2023-09-25 19:39:34+00:00
83.19333333333333,70.05666666666667,0.0,2023-09-25 00:10:59+00:00,0.0,273297290-2023-07-25T01:22:31.000000Z-1,83.19333333333333,70.05666666666667,2023-09-25 19:39:34+00:00
82.79865166666667,70.26935666666667,38.20000076293945,2023-09-28 00:00:53+00:00,13.699999809265137,273297290-2023-07-25T01:22:31.000000Z-1,40.01652,65.97015666666667,2023-10-02 19:13:17+00:00
74.86679666666667,73.82518833333333,282.70001220703125,2023-09-29 00:12:02+00:00,13.600000381469728,273297290-2023-07-25T01:22:31.000000Z-1,40.01652,65.97015666666667,2023-10-02 19:13:17+00:00
60.21667333333333,71.15823833333333,227.6000061035156,2023-09-30 00:42:13+00:00,11.300000190734863,273297290-2023-07-25T01:22:31.000000Z-1,40.01652,65.97015666666667,2023-10-02 19:13:17+00:00
50.585,68.65166666666667,237.0,2023-10-01 00:01:47+00:00,13.0,273297290-2023-07-25T01:22:31.000000Z-1,40.01652,65.97015666666667,2023-10-02 19:13:17+00:00
40.01652,65.97015666666667,211.6999969482422,2023-10-02 02:07:55+00:00,15.100000381469728,273297290-2023-07-25T01:22:31.000000Z-1,40.01652,65.97015666666667,2023-10-02 19:13:17+00:00
40.13,64.925,319.0,2023-10-08 00:04:41+00:00,10.0,273297290-2023-07-25T01:22:31.000000Z-1,40.190105,64.89569166666666,2023-11-03 03:15:54+00:00
44.533465,69.13542666666666,60.400001525878906,2023-10-09 00:36:08+00:00,12.600000381469728,273297290-2023-07-25T01:22:31.000000Z-1,40.190105,64.89569166666666,2023-11-03 03:15:54+00:00
58.06727333333333,70.30345666666666,12.399999618530272,2023-10-10 00:19:17+00:00,11.199999809265137,273297290-2023-07-25T01:22:31.000000Z-1,40.190105,64.89569166666666,2023-11-03 03:15:54+00:00
69.44844,73.57595,64.0999984741211,2023-10-11 00:40:25+00:00,12.0,273297290-2023-07-25T01:22:31.000000Z-1,40.190105,64.89569166666666,2023-11-03 03:15:54+00:00
80.33094,73.14821666666667,0.1000000014901161,2023-10-12 01:27:08+00:00,0.0,273297290-2023-07-25T01:22:31.000000Z-1,40.190105,64.89569166666666,2023-11-03 03:15:54+00:00
80.41203,73.16454333333333,0.1000000014901161,2023-10-13 00:02:05+00:00,0.0,273297290-2023-07-25T01:22:31.000000Z-1,40.190105,64.89569166666666,2023-11-03 03:15:54+00:00
80.41204,73.16454666666667,0.1000000014901161,2023-10-14 01:24:04+00:00,0.0,273297290-2023-07-25T01:22:31.000000Z-1,40.190105,64.89569166666666,2023-11-03 03:15:54+00:00
80.41188333333334,73.16453333333334,0.1000000014901161,2023-10-15 01:13:55+00:00,0.0,273297290-2023-07-25T01:22:31.000000Z-1,40.190105,64.89569166666666,2023-11-03 03:15:54+00:00
80.41203,73.16455833333333,0.1000000014901161,2023-10-16 01:08:09+00:00,0.0,273297290-2023-07-25T01:22:31.000000Z-1,40.190105,64.89569166666666,2023-11-03 03:15:54+00:00
80.41217166666667,73.16454,0.1000000014901161,2023-10-17 00:26:21+00:00,0.0,273297290-2023-07-25T01:22:31.000000Z-1,40.190105,64.89569166666666,2023-11-03 03:15:54+00:00
80.41226833333333,73.16451833333333,0.1000000014901161,2023-10-18 00:02:33+00:00,0.0,273297290-2023-07-25T01:22:31.000000Z-1,40.190105,64.89569166666666,2023-11-03 03:15:54+00:00
80.41203833333333,73.16435333333334,0.1000000014901161,2023-10-19 01:14:48+00:00,0.0,273297290-2023-07-25T01:22:31.000000Z-1,40.190105,64.89569166666666,2023-11-03 03:15:54+00:00
80.41211333333334,73.16435833333334,0.1000000014901161,2023-10-20 00:02:59+00:00,0.0,273297290-2023-07-25T01:22:31.000000Z-1,40.190105,64.89569166666666,2023-11-03 03:15:54+00:00
80.412215,73.16438333333333,0.1000000014901161,2023-10-21 00:29:01+00:00,0.0,273297290-2023-07-25T01:22:31.000000Z-1,40.190105,64.89569166666666,2023-11-03 03:15:54+00:00
80.41212833333333,73.16438333333333,0.1000000014901161,2023-10-22 00:38:14+00:00,0.0,273297290-2023-07-25T01:22:31.000000Z-1,40.190105,64.89569166666666,2023-11-03 03:15:54+00:00
80.41207833333333,73.16439333333334,0.1000000014901161,2023-10-23 00:02:26+00:00,0.0,273297290-2023-07-25T01:22:31.000000Z-1,40.190105,64.89569166666666,2023-11-03 03:15:54+00:00
80.41208666666667,73.16437166666667,0.1000000014901161,2023-10-24 00:02:39+00:00,0.0,273297290-2023-07-25T01:22:31.000000Z-1,40.190105,64.89569166666666,2023-11-03 03:15:54+00:00
80.41204833333333,73.16436833333333,0.1000000014901161,2023-10-25 00:14:52+00:00,0.0,273297290-2023-07-25T01:22:31.000000Z-1,40.190105,64.89569166666666,2023-11-03 03:15:54+00:00
80.41215,73.164375,0.1000000014901161,2023-10-26 01:12:03+00:00,0.0,273297290-2023-07-25T01:22:31.000000Z-1,40.190105,64.89569166666666,2023-11-03 03:15:54+00:00
80.41166666666666,73.16333333333333,0.0,2023-10-27 00:07:13+00:00,0.0,273297290-2023-07-25T01:22:31.000000Z-1,40.190105,64.89569166666666,2023-11-03 03:15:54+00:00
80.41212,73.164405,0.1000000014901161,2023-10-28 00:00:31+00:00,0.0,273297290-2023-07-25T01:22:31.000000Z-1,40.190105,64.89569166666666,2023-11-03 03:15:54+00:00
76.77142,73.76576666666666,289.3999938964844,2023-10-29 00:06:23+00:00,11.5,273297290-2023-07-25T01:22:31.000000Z-1,40.190105,64.89569166666666,2023-11-03 03:15:54+00:00
62.81709333333333,71.957875,228.1000061035156,2023-10-30 00:25:54+00:00,12.100000381469728,273297290-2023-07-25T01:22:31.000000Z-1,40.190105,64.89569166666666,2023-11-03 03:15:54+00:00
50.98314166666667,69.89392333333333,261.0,2023-10-31 00:37:49+00:00,11.699999809265137,273297290-2023-07-25T01:22:31.000000Z-1,40.190105,64.89569166666666,2023-11-03 03:15:54+00:00
41.479475,67.12657666666667,168.5,2023-11-01 01:10:12+00:00,12.399999618530272,273297290-2023-07-25T01:22:31.000000Z-1,40.190105,64.89569166666666,2023-11-03 03:15:54+00:00
40.016666666666666,64.96,0.0,2023-11-02 02:43:05+00:00,0.0,273297290-2023-07-25T01:22:31.000000Z-1,40.190105,64.89569166666666,2023-11-03 03:15:54+00:00
40.190105,64.89569166666666,139.8000030517578,2023-11-03 02:21:44+00:00,12.100000381469728,273297290-2023-07-25T01:22:31.000000Z-1,40.190105,64.89569166666666,2023-11-03 03:15:54+00:00
